defined_class	defined_class_label	chemical_entity	chemical_entity_label	location	location_label
http://purl.obolibrary.org/obo/ZP_0100260	(3,4-dihydroxyphenyl)acetic acid brain decreased amount, abnormal	http://purl.obolibrary.org/obo/CHEBI_41941	(3,4-dihydroxyphenyl)acetic acid	http://purl.obolibrary.org/obo/ZFA_0000008	brain
http://purl.obolibrary.org/obo/ZP_0104772	(3,4-dihydroxyphenyl)acetic acid diencephalon decreased amount, abnormal	http://purl.obolibrary.org/obo/CHEBI_41941	(3,4-dihydroxyphenyl)acetic acid	http://purl.obolibrary.org/obo/ZFA_0000101	diencephalon
http://purl.obolibrary.org/obo/ZP_0104770	(3,4-dihydroxyphenyl)acetic acid hindbrain decreased amount, abnormal	http://purl.obolibrary.org/obo/CHEBI_41941	(3,4-dihydroxyphenyl)acetic acid	http://purl.obolibrary.org/obo/ZFA_0000029	hindbrain
http://purl.obolibrary.org/obo/ZP_0104773	(3,4-dihydroxyphenyl)acetic acid optic tectum decreased amount, abnormal	http://purl.obolibrary.org/obo/CHEBI_41941	(3,4-dihydroxyphenyl)acetic acid	http://purl.obolibrary.org/obo/ZFA_0000445	optic tectum
http://purl.obolibrary.org/obo/ZP_0104771	(3,4-dihydroxyphenyl)acetic acid telencephalon decreased amount, abnormal	http://purl.obolibrary.org/obo/CHEBI_41941	(3,4-dihydroxyphenyl)acetic acid	http://purl.obolibrary.org/obo/ZFA_0000079	telencephalon
http://purl.obolibrary.org/obo/ZP_0139849	(5-hydroxyindol-3-yl)acetic acid brain decreased amount, abnormal	http://purl.obolibrary.org/obo/CHEBI_27823	(5-hydroxyindol-3-yl)acetic acid	http://purl.obolibrary.org/obo/ZFA_0000008	brain
http://purl.obolibrary.org/obo/ZP_0144716	(5-hydroxyindol-3-yl)acetic acid diencephalon decreased amount, abnormal	http://purl.obolibrary.org/obo/CHEBI_27823	(5-hydroxyindol-3-yl)acetic acid	http://purl.obolibrary.org/obo/ZFA_0000101	diencephalon
http://purl.obolibrary.org/obo/ZP_0144715	(5-hydroxyindol-3-yl)acetic acid telencephalon decreased amount, abnormal	http://purl.obolibrary.org/obo/CHEBI_27823	(5-hydroxyindol-3-yl)acetic acid	http://purl.obolibrary.org/obo/ZFA_0000079	telencephalon
http://purl.obolibrary.org/obo/ZP_0101496	(R)-adrenaline head decreased amount, abnormal	http://purl.obolibrary.org/obo/CHEBI_28918	(R)-adrenaline	http://purl.obolibrary.org/obo/ZFA_0001114	head
http://purl.obolibrary.org/obo/ZP_0144992	1,2-dipalmitoyl-sn-glycerol whole organism decreased amount, abnormal	http://purl.obolibrary.org/obo/CHEBI_82929	1,2-dipalmitoyl-sn-glycerol	http://purl.obolibrary.org/obo/ZFA_0001094	whole organism
http://purl.obolibrary.org/obo/ZP_0144993	1-(1Z-octadecenyl)-2-(9Z,12Z-octadecadienoyl)-sn-glycero-3-phosphocholine whole organism decreased amount, abnormal	http://purl.obolibrary.org/obo/CHEBI_84555	1-(1Z-octadecenyl)-2-(9Z,12Z-octadecadienoyl)-sn-glycero-3-phosphocholine	http://purl.obolibrary.org/obo/ZFA_0001094	whole organism
http://purl.obolibrary.org/obo/ZP_0144994	1-hexadecanoyl-2-(4E,7E,10E,13E,16E,19E-docosahexaenoyl)-sn-glycero-3-phosphocholine whole organism decreased amount, abnormal	http://purl.obolibrary.org/obo/CHEBI_84797	1-hexadecanoyl-2-(4E,7E,10E,13E,16E,19E-docosahexaenoyl)-sn-glycero-3-phosphocholine	http://purl.obolibrary.org/obo/ZFA_0001094	whole organism
http://purl.obolibrary.org/obo/ZP_0140954	1-phosphatidyl-1D-myo-inositol 3,4,5-trisphosphate whole organism decreased amount, abnormal	http://purl.obolibrary.org/obo/CHEBI_16618	1-phosphatidyl-1D-myo-inositol 3,4,5-trisphosphate	http://purl.obolibrary.org/obo/ZFA_0001094	whole organism
http://purl.obolibrary.org/obo/ZP_0140005	1-phosphatidyl-1D-myo-inositol 4,5-bisphosphate whole organism decreased amount, abnormal	http://purl.obolibrary.org/obo/CHEBI_18348	1-phosphatidyl-1D-myo-inositol 4,5-bisphosphate	http://purl.obolibrary.org/obo/ZFA_0001094	whole organism
http://purl.obolibrary.org/obo/ZP_0103796	10-formyltetrahydrofolate(2-) whole organism decreased amount, abnormal	http://purl.obolibrary.org/obo/CHEBI_57454	10-formyltetrahydrofolate(2-)	http://purl.obolibrary.org/obo/ZFA_0001094	whole organism
http://purl.obolibrary.org/obo/ZP_0146169	10-formyltetrahydrofolic acid whole organism decreased amount, abnormal	http://purl.obolibrary.org/obo/CHEBI_15637	10-formyltetrahydrofolic acid	http://purl.obolibrary.org/obo/ZFA_0001094	whole organism
http://purl.obolibrary.org/obo/ZP_0140570	11-Ketoandrosterone testis decreased amount, abnormal	http://purl.obolibrary.org/obo/CHEBI_34134	11-Ketoandrosterone	http://purl.obolibrary.org/obo/ZFA_0000598	testis
http://purl.obolibrary.org/obo/ZP_0140571	11-Ketoandrosterone urine decreased amount, abnormal	http://purl.obolibrary.org/obo/CHEBI_34134	11-Ketoandrosterone	http://purl.obolibrary.org/obo/ZFA_0005913	urine
http://purl.obolibrary.org/obo/ZP_0146251	11-cis-retinal eye decreased amount, abnormal	http://purl.obolibrary.org/obo/CHEBI_16066	11-cis-retinal	http://purl.obolibrary.org/obo/ZFA_0000107	eye
http://purl.obolibrary.org/obo/ZP_0142489	11-cis-retinal head decreased amount, abnormal	http://purl.obolibrary.org/obo/CHEBI_16066	11-cis-retinal	http://purl.obolibrary.org/obo/ZFA_0001114	head
http://purl.obolibrary.org/obo/ZP_0146255	11-cis-retinyl palmitate eye decreased amount, abnormal	http://purl.obolibrary.org/obo/CHEBI_16254	11-cis-retinyl palmitate	http://purl.obolibrary.org/obo/ZFA_0000107	eye
http://purl.obolibrary.org/obo/ZP_0103029	11-oxotestosterone blood decreased amount, abnormal	http://purl.obolibrary.org/obo/CHEBI_34133	11-oxotestosterone	http://purl.obolibrary.org/obo/ZFA_0000007	blood
http://purl.obolibrary.org/obo/ZP_0021830	11-oxotestosterone blood plasma decreased amount, abnormal	http://purl.obolibrary.org/obo/CHEBI_34133	11-oxotestosterone	http://purl.obolibrary.org/obo/ZFA_0005654	blood plasma
http://purl.obolibrary.org/obo/ZP_0131251	11-oxotestosterone female organism decreased amount, abnormal	http://purl.obolibrary.org/obo/CHEBI_34133	11-oxotestosterone	http://purl.obolibrary.org/obo/ZFA_0000303	female organism
http://purl.obolibrary.org/obo/ZP_0141277	11-oxotestosterone male organism decreased amount, abnormal	http://purl.obolibrary.org/obo/CHEBI_34133	11-oxotestosterone	http://purl.obolibrary.org/obo/ZFA_0000242	male organism
http://purl.obolibrary.org/obo/ZP_0131067	11-oxotestosterone whole organism decreased amount, abnormal	http://purl.obolibrary.org/obo/CHEBI_34133	11-oxotestosterone	http://purl.obolibrary.org/obo/ZFA_0001094	whole organism
http://purl.obolibrary.org/obo/ZP_0141276	11beta-hydroxyandrost-4-ene-3,17-dione male organism decreased amount, abnormal	http://purl.obolibrary.org/obo/CHEBI_27967	11beta-hydroxyandrost-4-ene-3,17-dione	http://purl.obolibrary.org/obo/ZFA_0000242	male organism
http://purl.obolibrary.org/obo/ZP_0141278	11beta-hydroxytestosterone male organism decreased amount, abnormal	http://purl.obolibrary.org/obo/CHEBI_81481	11beta-hydroxytestosterone	http://purl.obolibrary.org/obo/ZFA_0000242	male organism
http://purl.obolibrary.org/obo/ZP_0138600	17beta-estradiol ovary decreased amount, abnormal	http://purl.obolibrary.org/obo/CHEBI_16469	17beta-estradiol	http://purl.obolibrary.org/obo/ZFA_0000403	ovary
http://purl.obolibrary.org/obo/ZP_0138601	17beta-estradiol testis decreased amount, abnormal	http://purl.obolibrary.org/obo/CHEBI_16469	17beta-estradiol	http://purl.obolibrary.org/obo/ZFA_0000598	testis
http://purl.obolibrary.org/obo/ZP_0140256	2-oxoglutarate(2-) whole organism decreased amount, abnormal	http://purl.obolibrary.org/obo/CHEBI_16810	2-oxoglutarate(2-)	http://purl.obolibrary.org/obo/ZFA_0001094	whole organism
http://purl.obolibrary.org/obo/ZP_0145676	2-oxoglutaric acid whole organism decreased amount, abnormal	http://purl.obolibrary.org/obo/CHEBI_30915	2-oxoglutaric acid	http://purl.obolibrary.org/obo/ZFA_0001094	whole organism
http://purl.obolibrary.org/obo/ZP_0101881	3',5'-cyclic AMP whole organism decreased amount, abnormal	http://purl.obolibrary.org/obo/CHEBI_17489	3',5'-cyclic AMP	http://purl.obolibrary.org/obo/ZFA_0001094	whole organism
http://purl.obolibrary.org/obo/ZP_0148508	3',5'-cyclic GMP whole organism decreased amount, abnormal	http://purl.obolibrary.org/obo/CHEBI_16356	3',5'-cyclic GMP	http://purl.obolibrary.org/obo/ZFA_0001094	whole organism
http://purl.obolibrary.org/obo/ZP_0140566	3,3',5-triiodo-L-thyronine ovary decreased amount, abnormal	http://purl.obolibrary.org/obo/CHEBI_18258	3,3',5-triiodo-L-thyronine	http://purl.obolibrary.org/obo/ZFA_0000403	ovary
http://purl.obolibrary.org/obo/ZP_0140567	3,3',5-triiodo-L-thyronine testis decreased amount, abnormal	http://purl.obolibrary.org/obo/CHEBI_18258	3,3',5-triiodo-L-thyronine	http://purl.obolibrary.org/obo/ZFA_0000598	testis
http://purl.obolibrary.org/obo/ZP_0103548	3,3',5-triiodo-L-thyronine whole organism decreased amount, abnormal	http://purl.obolibrary.org/obo/CHEBI_18258	3,3',5-triiodo-L-thyronine	http://purl.obolibrary.org/obo/ZFA_0001094	whole organism
http://purl.obolibrary.org/obo/ZP_0143011	3-hydroxyisovaleric acid brain decreased amount, abnormal	http://purl.obolibrary.org/obo/CHEBI_37084	3-hydroxyisovaleric acid	http://purl.obolibrary.org/obo/ZFA_0000008	brain
http://purl.obolibrary.org/obo/ZP_0146193	4-hydroxybutyrate whole organism decreased amount, abnormal	http://purl.obolibrary.org/obo/CHEBI_16724	4-hydroxybutyrate	http://purl.obolibrary.org/obo/ZFA_0001094	whole organism
http://purl.obolibrary.org/obo/ZP_0145032	4-pyridoxic acid whole organism decreased amount, abnormal	http://purl.obolibrary.org/obo/CHEBI_17405	4-pyridoxic acid	http://purl.obolibrary.org/obo/ZFA_0001094	whole organism
http://purl.obolibrary.org/obo/ZP_0146171	5,10-methylenetetrahydrofolic acid whole organism decreased amount, abnormal	http://purl.obolibrary.org/obo/CHEBI_20502	5,10-methylenetetrahydrofolic acid	http://purl.obolibrary.org/obo/ZFA_0001094	whole organism
http://purl.obolibrary.org/obo/ZP_0137364	5-(hydroxymethyl)cytosine blastema decreased amount, abnormal	http://purl.obolibrary.org/obo/CHEBI_76792	5-(hydroxymethyl)cytosine	http://purl.obolibrary.org/obo/ZFA_0001270	blastema
http://purl.obolibrary.org/obo/ZP_0149137	5-(hydroxymethyl)cytosine whole organism decreased amount, abnormal	http://purl.obolibrary.org/obo/CHEBI_76792	5-(hydroxymethyl)cytosine	http://purl.obolibrary.org/obo/ZFA_0001094	whole organism
http://purl.obolibrary.org/obo/ZP_0146380	5-Hydroxytryptophol brain decreased amount, abnormal	http://purl.obolibrary.org/obo/CHEBI_89825	5-Hydroxytryptophol	http://purl.obolibrary.org/obo/ZFA_0000008	brain
http://purl.obolibrary.org/obo/ZP_0102028	5-O-phosphono-alpha-D-ribofuranosyl diphosphate whole organism decreased amount, abnormal	http://purl.obolibrary.org/obo/CHEBI_17111	5-O-phosphono-alpha-D-ribofuranosyl diphosphate	http://purl.obolibrary.org/obo/ZFA_0001094	whole organism
http://purl.obolibrary.org/obo/ZP_0137363	5-methylcytosine blastema decreased amount, abnormal	http://purl.obolibrary.org/obo/CHEBI_27551	5-methylcytosine	http://purl.obolibrary.org/obo/ZFA_0001270	blastema
http://purl.obolibrary.org/obo/ZP_0103794	5-methyltetrahydrofolate whole organism decreased amount, abnormal	http://purl.obolibrary.org/obo/CHEBI_20612	5-methyltetrahydrofolate	http://purl.obolibrary.org/obo/ZFA_0001094	whole organism
http://purl.obolibrary.org/obo/ZP_0146170	5-methyltetrahydrofolic acid whole organism decreased amount, abnormal	http://purl.obolibrary.org/obo/CHEBI_15641	5-methyltetrahydrofolic acid	http://purl.obolibrary.org/obo/ZFA_0001094	whole organism
http://purl.obolibrary.org/obo/ZP_0143991	5alpha-androst-1-ene-3,17-dione whole organism decreased amount, abnormal	http://purl.obolibrary.org/obo/CHEBI_133930	5alpha-androst-1-ene-3,17-dione	http://purl.obolibrary.org/obo/ZFA_0001094	whole organism
http://purl.obolibrary.org/obo/ZP_0101036	ADP brain decreased amount, abnormal	http://purl.obolibrary.org/obo/CHEBI_16761	ADP	http://purl.obolibrary.org/obo/ZFA_0000008	brain
http://purl.obolibrary.org/obo/ZP_0142719	ADP whole organism decreased amount, abnormal	http://purl.obolibrary.org/obo/CHEBI_16761	ADP	http://purl.obolibrary.org/obo/ZFA_0001094	whole organism
http://purl.obolibrary.org/obo/ZP_0144478	ATP caudal fin decreased amount, abnormal	http://purl.obolibrary.org/obo/CHEBI_15422	ATP	http://purl.obolibrary.org/obo/ZFA_0001058	caudal fin
http://purl.obolibrary.org/obo/ZP_0107045	ATP cell decreased amount, abnormal	http://purl.obolibrary.org/obo/CHEBI_15422	ATP	http://purl.obolibrary.org/obo/ZFA_0009000	cell
http://purl.obolibrary.org/obo/ZP_0141160	ATP heart decreased amount, abnormal	http://purl.obolibrary.org/obo/CHEBI_15422	ATP	http://purl.obolibrary.org/obo/ZFA_0000114	heart
http://purl.obolibrary.org/obo/ZP_0141406	ATP skeletal muscle decreased amount, abnormal	http://purl.obolibrary.org/obo/CHEBI_15422	ATP	http://purl.obolibrary.org/obo/ZFA_0005277	skeletal muscle
http://purl.obolibrary.org/obo/ZP_0102093	ATP whole organism decreased amount, abnormal	http://purl.obolibrary.org/obo/CHEBI_15422	ATP	http://purl.obolibrary.org/obo/ZFA_0001094	whole organism
http://purl.obolibrary.org/obo/ZP_0140076	Adiponectin blood decreased amount, abnormal	http://purl.obolibrary.org/obo/CHEBI_81572	Adiponectin	http://purl.obolibrary.org/obo/ZFA_0000007	blood
http://purl.obolibrary.org/obo/ZP_0100188	CDP-choline brain decreased amount, abnormal	http://purl.obolibrary.org/obo/CHEBI_16436	CDP-choline	http://purl.obolibrary.org/obo/ZFA_0000008	brain
http://purl.obolibrary.org/obo/ZP_0144099	CTP whole organism decreased amount, abnormal	http://purl.obolibrary.org/obo/CHEBI_17677	CTP	http://purl.obolibrary.org/obo/ZFA_0001094	whole organism
http://purl.obolibrary.org/obo/ZP_0107206	Collagen otic vesicle protrusion decreased amount, abnormal	http://purl.obolibrary.org/obo/CHEBI_3815	Collagen	http://purl.obolibrary.org/obo/ZFA_0001715	otic vesicle protrusion
http://purl.obolibrary.org/obo/ZP_0146789	Collagen retina decreased amount, abnormal	http://purl.obolibrary.org/obo/CHEBI_3815	Collagen	http://purl.obolibrary.org/obo/ZFA_0000152	retina
http://purl.obolibrary.org/obo/ZP_0146847	D-glucose 6-phosphate cardiac muscle cell decreased amount, abnormal	http://purl.obolibrary.org/obo/CHEBI_14314	D-glucose 6-phosphate	http://purl.obolibrary.org/obo/ZFA_0009316	cardiac muscle cell
http://purl.obolibrary.org/obo/ZP_0146652	D-glucose 6-phosphate whole organism decreased amount, abnormal	http://purl.obolibrary.org/obo/CHEBI_14314	D-glucose 6-phosphate	http://purl.obolibrary.org/obo/ZFA_0001094	whole organism
http://purl.obolibrary.org/obo/ZP_0130772	D-glucosyl-N-acylsphingosine brain decreased amount, abnormal	http://purl.obolibrary.org/obo/CHEBI_18368	D-glucosyl-N-acylsphingosine	http://purl.obolibrary.org/obo/ZFA_0000008	brain
http://purl.obolibrary.org/obo/ZP_0130771	D-glucosyl-N-acylsphingosine whole organism decreased amount, abnormal	http://purl.obolibrary.org/obo/CHEBI_18368	D-glucosyl-N-acylsphingosine	http://purl.obolibrary.org/obo/ZFA_0001094	whole organism
http://purl.obolibrary.org/obo/ZP_0102852	D3 vitamins blood plasma decreased amount, abnormal	http://purl.obolibrary.org/obo/CHEBI_73558	D3 vitamins	http://purl.obolibrary.org/obo/ZFA_0005654	blood plasma
http://purl.obolibrary.org/obo/ZP_0102851	D3 vitamins liver decreased amount, abnormal	http://purl.obolibrary.org/obo/CHEBI_73558	D3 vitamins	http://purl.obolibrary.org/obo/ZFA_0000123	liver
http://purl.obolibrary.org/obo/ZP_0102853	D3 vitamins visceral fat decreased amount, abnormal	http://purl.obolibrary.org/obo/CHEBI_73558	D3 vitamins	http://purl.obolibrary.org/obo/ZFA_0005759	visceral fat
http://purl.obolibrary.org/obo/ZP_0146803	Fibronectin myoseptum decreased amount, abnormal	http://purl.obolibrary.org/obo/CHEBI_5058	Fibronectin	http://purl.obolibrary.org/obo/ZFA_0001089	myoseptum
http://purl.obolibrary.org/obo/ZP_0103400	Follicle stimulating hormone blood plasma decreased amount, abnormal	http://purl.obolibrary.org/obo/CHEBI_81569	Follicle stimulating hormone	http://purl.obolibrary.org/obo/ZFA_0005654	blood plasma
http://purl.obolibrary.org/obo/ZP_0144856	GDP-mannose whole organism decreased amount, abnormal	http://purl.obolibrary.org/obo/CHEBI_21168	GDP-mannose	http://purl.obolibrary.org/obo/ZFA_0001094	whole organism
http://purl.obolibrary.org/obo/ZP_0144098	GTP whole organism decreased amount, abnormal	http://purl.obolibrary.org/obo/CHEBI_15996	GTP	http://purl.obolibrary.org/obo/ZFA_0001094	whole organism
http://purl.obolibrary.org/obo/ZP_0144841	Gla protein blood plasma decreased amount, abnormal	http://purl.obolibrary.org/obo/CHEBI_5366	Gla protein	http://purl.obolibrary.org/obo/ZFA_0005654	blood plasma
http://purl.obolibrary.org/obo/ZP_0144836	Gla protein eye decreased amount, abnormal	http://purl.obolibrary.org/obo/CHEBI_5366	Gla protein	http://purl.obolibrary.org/obo/ZFA_0000107	eye
http://purl.obolibrary.org/obo/ZP_0144837	Gla protein heart decreased amount, abnormal	http://purl.obolibrary.org/obo/CHEBI_5366	Gla protein	http://purl.obolibrary.org/obo/ZFA_0000114	heart
http://purl.obolibrary.org/obo/ZP_0144840	Gla protein skeletal muscle decreased amount, abnormal	http://purl.obolibrary.org/obo/CHEBI_5366	Gla protein	http://purl.obolibrary.org/obo/ZFA_0005277	skeletal muscle
http://purl.obolibrary.org/obo/ZP_0137865	H3K4Me3 whole organism decreased amount, abnormal	http://purl.obolibrary.org/obo/CHEBI_85043	H3K4Me3	http://purl.obolibrary.org/obo/ZFA_0001094	whole organism
http://purl.obolibrary.org/obo/ZP_0102029	IMP whole organism decreased amount, abnormal	http://purl.obolibrary.org/obo/CHEBI_17202	IMP	http://purl.obolibrary.org/obo/ZFA_0001094	whole organism
http://purl.obolibrary.org/obo/ZP_0137561	L-tyrosine muscle decreased amount, abnormal	http://purl.obolibrary.org/obo/CHEBI_17895	L-tyrosine	http://purl.obolibrary.org/obo/ZFA_0005145	muscle
http://purl.obolibrary.org/obo/ZP_0103399	Luteinizing hormone blood plasma decreased amount, abnormal	http://purl.obolibrary.org/obo/CHEBI_81568	Luteinizing hormone	http://purl.obolibrary.org/obo/ZFA_0005654	blood plasma
http://purl.obolibrary.org/obo/ZP_0104197	Melanin eye decreased amount, abnormal	http://purl.obolibrary.org/obo/CHEBI_89634	Melanin	http://purl.obolibrary.org/obo/ZFA_0000107	eye
http://purl.obolibrary.org/obo/ZP_0103598	Melanin melanocyte decreased amount, abnormal	http://purl.obolibrary.org/obo/CHEBI_89634	Melanin	http://purl.obolibrary.org/obo/ZFA_0009091	melanocyte
http://purl.obolibrary.org/obo/ZP_0145408	Melanin melanophore stripe decreased amount, abnormal	http://purl.obolibrary.org/obo/CHEBI_89634	Melanin	http://purl.obolibrary.org/obo/ZFA_0001463	melanophore stripe
http://purl.obolibrary.org/obo/ZP_0018703	Melanin whole organism decreased amount, abnormal	http://purl.obolibrary.org/obo/CHEBI_89634	Melanin	http://purl.obolibrary.org/obo/ZFA_0001094	whole organism
http://purl.obolibrary.org/obo/ZP_0144988	N-(docosanoyl)-hexadecasphing-4-enine-1-phosphocholine whole organism decreased amount, abnormal	http://purl.obolibrary.org/obo/CHEBI_138574	N-(docosanoyl)-hexadecasphing-4-enine-1-phosphocholine	http://purl.obolibrary.org/obo/ZFA_0001094	whole organism
http://purl.obolibrary.org/obo/ZP_0142333	N-docosanoylsphingosine skeletal muscle decreased amount, abnormal	http://purl.obolibrary.org/obo/CHEBI_72966	N-docosanoylsphingosine	http://purl.obolibrary.org/obo/ZFA_0005277	skeletal muscle
http://purl.obolibrary.org/obo/ZP_0020994	N-glycan whole organism decreased amount, abnormal	http://purl.obolibrary.org/obo/CHEBI_59520	N-glycan	http://purl.obolibrary.org/obo/ZFA_0001094	whole organism
http://purl.obolibrary.org/obo/ZP_0142326	N-octadecanoylsphingosine brain decreased amount, abnormal	http://purl.obolibrary.org/obo/CHEBI_72961	N-octadecanoylsphingosine	http://purl.obolibrary.org/obo/ZFA_0000008	brain
http://purl.obolibrary.org/obo/ZP_0101478	NAD head decreased amount, abnormal	http://purl.obolibrary.org/obo/CHEBI_13389	NAD	http://purl.obolibrary.org/obo/ZFA_0001114	head
http://purl.obolibrary.org/obo/ZP_0140758	NAD(+) whole organism decreased amount, abnormal	http://purl.obolibrary.org/obo/CHEBI_15846	NAD(+)	http://purl.obolibrary.org/obo/ZFA_0001094	whole organism
http://purl.obolibrary.org/obo/ZP_0137545	NADPH whole organism decreased amount, abnormal	http://purl.obolibrary.org/obo/CHEBI_16474	NADPH	http://purl.obolibrary.org/obo/ZFA_0001094	whole organism
http://purl.obolibrary.org/obo/ZP_0103401	Prolactin blood plasma decreased amount, abnormal	http://purl.obolibrary.org/obo/CHEBI_81580	Prolactin	http://purl.obolibrary.org/obo/ZFA_0005654	blood plasma
http://purl.obolibrary.org/obo/ZP_0018873	S-adenosyl-L-homocysteine liver decreased amount, abnormal	http://purl.obolibrary.org/obo/CHEBI_16680	S-adenosyl-L-homocysteine	http://purl.obolibrary.org/obo/ZFA_0000123	liver
http://purl.obolibrary.org/obo/ZP_0100186	S-adenosyl-L-methionine brain decreased amount, abnormal	http://purl.obolibrary.org/obo/CHEBI_15414	S-adenosyl-L-methionine	http://purl.obolibrary.org/obo/ZFA_0000008	brain
http://purl.obolibrary.org/obo/ZP_0018877	S-adenosyl-L-methionine liver decreased amount, abnormal	http://purl.obolibrary.org/obo/CHEBI_15414	S-adenosyl-L-methionine	http://purl.obolibrary.org/obo/ZFA_0000123	liver
http://purl.obolibrary.org/obo/ZP_0143186	UDP-N-acetyl-D-galactosamine whole organism decreased amount, abnormal	http://purl.obolibrary.org/obo/CHEBI_16650	UDP-N-acetyl-D-galactosamine	http://purl.obolibrary.org/obo/ZFA_0001094	whole organism
http://purl.obolibrary.org/obo/ZP_0143185	UDP-N-acetyl-alpha-D-glucosamine whole organism decreased amount, abnormal	http://purl.obolibrary.org/obo/CHEBI_16264	UDP-N-acetyl-alpha-D-glucosamine	http://purl.obolibrary.org/obo/ZFA_0001094	whole organism
http://purl.obolibrary.org/obo/ZP_0144097	UTP whole organism decreased amount, abnormal	http://purl.obolibrary.org/obo/CHEBI_15713	UTP	http://purl.obolibrary.org/obo/ZFA_0001094	whole organism
http://purl.obolibrary.org/obo/ZP_0140290	acetate intestine decreased amount, abnormal	http://purl.obolibrary.org/obo/CHEBI_30089	acetate	http://purl.obolibrary.org/obo/ZFA_0001338	intestine
http://purl.obolibrary.org/obo/ZP_0101206	acetylcholine brain decreased amount, abnormal	http://purl.obolibrary.org/obo/CHEBI_15355	acetylcholine	http://purl.obolibrary.org/obo/ZFA_0000008	brain
http://purl.obolibrary.org/obo/ZP_0101035	adenosine brain decreased amount, abnormal	http://purl.obolibrary.org/obo/CHEBI_16335	adenosine	http://purl.obolibrary.org/obo/ZFA_0000008	brain
http://purl.obolibrary.org/obo/ZP_0148147	adrenaline whole organism decreased amount, abnormal	http://purl.obolibrary.org/obo/CHEBI_33568	adrenaline	http://purl.obolibrary.org/obo/ZFA_0001094	whole organism
http://purl.obolibrary.org/obo/ZP_0143993	adrenosterone whole organism decreased amount, abnormal	http://purl.obolibrary.org/obo/CHEBI_2495	adrenosterone	http://purl.obolibrary.org/obo/ZFA_0001094	whole organism
http://purl.obolibrary.org/obo/ZP_0106029	alanine whole organism decreased amount, abnormal	http://purl.obolibrary.org/obo/CHEBI_16449	alanine	http://purl.obolibrary.org/obo/ZFA_0001094	whole organism
http://purl.obolibrary.org/obo/ZP_0143946	all-cis-5,8,11,14,17-icosapentaenoic acid intestine decreased amount, abnormal	http://purl.obolibrary.org/obo/CHEBI_28364	all-cis-5,8,11,14,17-icosapentaenoic acid	http://purl.obolibrary.org/obo/ZFA_0001338	intestine
http://purl.obolibrary.org/obo/ZP_0148104	all-cis-8,11,14,17-icosatetraenoic acid muscle decreased amount, abnormal	http://purl.obolibrary.org/obo/CHEBI_71488	all-cis-8,11,14,17-icosatetraenoic acid	http://purl.obolibrary.org/obo/ZFA_0005145	muscle
http://purl.obolibrary.org/obo/ZP_0143945	all-cis-docosa-4,7,10,13,16,19-hexaenoic acid intestine decreased amount, abnormal	http://purl.obolibrary.org/obo/CHEBI_28125	all-cis-docosa-4,7,10,13,16,19-hexaenoic acid	http://purl.obolibrary.org/obo/ZFA_0001338	intestine
http://purl.obolibrary.org/obo/ZP_0147692	all-cis-octadeca-6,9,12,15-tetraenoic acid liver decreased amount, abnormal	http://purl.obolibrary.org/obo/CHEBI_32389	all-cis-octadeca-6,9,12,15-tetraenoic acid	http://purl.obolibrary.org/obo/ZFA_0000123	liver
http://purl.obolibrary.org/obo/ZP_0142491	all-trans-retinol head decreased amount, abnormal	http://purl.obolibrary.org/obo/CHEBI_17336	all-trans-retinol	http://purl.obolibrary.org/obo/ZFA_0001114	head
http://purl.obolibrary.org/obo/ZP_0146252	all-trans-retinyl palmitate eye decreased amount, abnormal	http://purl.obolibrary.org/obo/CHEBI_17616	all-trans-retinyl palmitate	http://purl.obolibrary.org/obo/ZFA_0000107	eye
http://purl.obolibrary.org/obo/ZP_0102708	alpha-aminobutyric acid whole organism decreased amount, abnormal	http://purl.obolibrary.org/obo/CHEBI_35621	alpha-aminobutyric acid	http://purl.obolibrary.org/obo/ZFA_0001094	whole organism
http://purl.obolibrary.org/obo/ZP_0148098	alpha-linolenic acid liver decreased amount, abnormal	http://purl.obolibrary.org/obo/CHEBI_27432	alpha-linolenic acid	http://purl.obolibrary.org/obo/ZFA_0000123	liver
http://purl.obolibrary.org/obo/ZP_0148099	alpha-linolenic acid muscle decreased amount, abnormal	http://purl.obolibrary.org/obo/CHEBI_27432	alpha-linolenic acid	http://purl.obolibrary.org/obo/ZFA_0005145	muscle
http://purl.obolibrary.org/obo/ZP_0145509	alpha-tocopherol liver decreased amount, abnormal	http://purl.obolibrary.org/obo/CHEBI_22470	alpha-tocopherol	http://purl.obolibrary.org/obo/ZFA_0000123	liver
http://purl.obolibrary.org/obo/ZP_0146453	alpha-tocopherol whole organism decreased amount, abnormal	http://purl.obolibrary.org/obo/CHEBI_22470	alpha-tocopherol	http://purl.obolibrary.org/obo/ZFA_0001094	whole organism
http://purl.obolibrary.org/obo/ZP_0101642	apatite parietal bone decreased amount, abnormal	http://purl.obolibrary.org/obo/CHEBI_52254	apatite	http://purl.obolibrary.org/obo/ZFA_0000486	parietal bone
http://purl.obolibrary.org/obo/ZP_0100187	arachidonic acid brain decreased amount, abnormal	http://purl.obolibrary.org/obo/CHEBI_15843	arachidonic acid	http://purl.obolibrary.org/obo/ZFA_0000008	brain
http://purl.obolibrary.org/obo/ZP_0145675	arginine whole organism decreased amount, abnormal	http://purl.obolibrary.org/obo/CHEBI_29016	arginine	http://purl.obolibrary.org/obo/ZFA_0001094	whole organism
http://purl.obolibrary.org/obo/ZP_0143318	asparagine whole organism decreased amount, abnormal	http://purl.obolibrary.org/obo/CHEBI_22653	asparagine	http://purl.obolibrary.org/obo/ZFA_0001094	whole organism
http://purl.obolibrary.org/obo/ZP_0143317	aspartate whole organism decreased amount, abnormal	http://purl.obolibrary.org/obo/CHEBI_132943	aspartate	http://purl.obolibrary.org/obo/ZFA_0001094	whole organism
http://purl.obolibrary.org/obo/ZP_0101987	barium atom retinal pigmented epithelium decreased amount, abnormal	http://purl.obolibrary.org/obo/CHEBI_32594	barium atom	http://purl.obolibrary.org/obo/ZFA_0000144	retinal pigmented epithelium
http://purl.obolibrary.org/obo/ZP_0131262	bile alcohol whole organism decreased amount, abnormal	http://purl.obolibrary.org/obo/CHEBI_50420	bile alcohol	http://purl.obolibrary.org/obo/ZFA_0001094	whole organism
http://purl.obolibrary.org/obo/ZP_0101980	bromine atom retinal pigmented epithelium decreased amount, abnormal	http://purl.obolibrary.org/obo/CHEBI_22927	bromine atom	http://purl.obolibrary.org/obo/ZFA_0000144	retinal pigmented epithelium
http://purl.obolibrary.org/obo/ZP_0140288	butyrate intestine decreased amount, abnormal	http://purl.obolibrary.org/obo/CHEBI_17968	butyrate	http://purl.obolibrary.org/obo/ZFA_0001338	intestine
http://purl.obolibrary.org/obo/ZP_0141030	cadmium cation whole organism decreased amount, abnormal	http://purl.obolibrary.org/obo/CHEBI_63063	cadmium cation	http://purl.obolibrary.org/obo/ZFA_0001094	whole organism
http://purl.obolibrary.org/obo/ZP_0142894	calcidiol whole organism decreased amount, abnormal	http://purl.obolibrary.org/obo/CHEBI_17933	calcidiol	http://purl.obolibrary.org/obo/ZFA_0001094	whole organism
http://purl.obolibrary.org/obo/ZP_0142893	calcitriol whole organism decreased amount, abnormal	http://purl.obolibrary.org/obo/CHEBI_17823	calcitriol	http://purl.obolibrary.org/obo/ZFA_0001094	whole organism
http://purl.obolibrary.org/obo/ZP_0143003	calcium atom cardiac muscle cell decreased amount, abnormal	http://purl.obolibrary.org/obo/CHEBI_22984	calcium atom	http://purl.obolibrary.org/obo/ZFA_0009316	cardiac muscle cell
http://purl.obolibrary.org/obo/ZP_0144382	calcium atom enameloid decreased amount, abnormal	http://purl.obolibrary.org/obo/CHEBI_22984	calcium atom	http://purl.obolibrary.org/obo/ZFA_0005142	enameloid
http://purl.obolibrary.org/obo/ZP_0101981	calcium atom retinal pigmented epithelium decreased amount, abnormal	http://purl.obolibrary.org/obo/CHEBI_22984	calcium atom	http://purl.obolibrary.org/obo/ZFA_0000144	retinal pigmented epithelium
http://purl.obolibrary.org/obo/ZP_0103253	calcium atom whole organism decreased amount, abnormal	http://purl.obolibrary.org/obo/CHEBI_22984	calcium atom	http://purl.obolibrary.org/obo/ZFA_0001094	whole organism
http://purl.obolibrary.org/obo/ZP_0146456	calcium cation bone tissue decreased amount, abnormal	http://purl.obolibrary.org/obo/CHEBI_39123	calcium cation	http://purl.obolibrary.org/obo/ZFA_0005621	bone tissue
http://purl.obolibrary.org/obo/ZP_0147739	calcium cation whole organism decreased amount, abnormal	http://purl.obolibrary.org/obo/CHEBI_39123	calcium cation	http://purl.obolibrary.org/obo/ZFA_0001094	whole organism
http://purl.obolibrary.org/obo/ZP_0147246	calcium ion periventricular grey zone decreased amount, abnormal	http://purl.obolibrary.org/obo/CHEBI_39124	calcium ion	http://purl.obolibrary.org/obo/ZFA_0000516	periventricular grey zone
http://purl.obolibrary.org/obo/ZP_0140811	calcium phosphate bone element decreased amount, abnormal	http://purl.obolibrary.org/obo/CHEBI_77635	calcium phosphate	http://purl.obolibrary.org/obo/ZFA_0001514	bone element
http://purl.obolibrary.org/obo/ZP_0101099	calcium(2+) cell decreased amount, abnormal	http://purl.obolibrary.org/obo/CHEBI_29108	calcium(2+)	http://purl.obolibrary.org/obo/ZFA_0009000	cell
http://purl.obolibrary.org/obo/ZP_0021919	calcium(2+) whole organism decreased amount, abnormal	http://purl.obolibrary.org/obo/CHEBI_29108	calcium(2+)	http://purl.obolibrary.org/obo/ZFA_0001094	whole organism
http://purl.obolibrary.org/obo/ZP_0141023	carbon black nanoparticle hepatic sinusoid decreased amount, abnormal	http://purl.obolibrary.org/obo/CHEBI_133602	carbon black nanoparticle	http://purl.obolibrary.org/obo/ZFA_0005091	hepatic sinusoid
http://purl.obolibrary.org/obo/ZP_0149043	carnitine liver decreased amount, abnormal	http://purl.obolibrary.org/obo/CHEBI_17126	carnitine	http://purl.obolibrary.org/obo/ZFA_0000123	liver
http://purl.obolibrary.org/obo/ZP_0142958	carnosine whole organism decreased amount, abnormal	http://purl.obolibrary.org/obo/CHEBI_15727	carnosine	http://purl.obolibrary.org/obo/ZFA_0001094	whole organism
http://purl.obolibrary.org/obo/ZP_0102397	carotenoid integument decreased amount, abnormal	http://purl.obolibrary.org/obo/CHEBI_23044	carotenoid	http://purl.obolibrary.org/obo/ZFA_0000368	integument
http://purl.obolibrary.org/obo/ZP_0102986	chloride whole organism decreased amount, abnormal	http://purl.obolibrary.org/obo/CHEBI_17996	chloride	http://purl.obolibrary.org/obo/ZFA_0001094	whole organism
http://purl.obolibrary.org/obo/ZP_0100807	cholesterol blood decreased amount, abnormal	http://purl.obolibrary.org/obo/CHEBI_16113	cholesterol	http://purl.obolibrary.org/obo/ZFA_0000007	blood
http://purl.obolibrary.org/obo/ZP_0131008	cholesterol blood plasma decreased amount, abnormal	http://purl.obolibrary.org/obo/CHEBI_16113	cholesterol	http://purl.obolibrary.org/obo/ZFA_0005654	blood plasma
http://purl.obolibrary.org/obo/ZP_0143033	cholesterol cerebellum decreased amount, abnormal	http://purl.obolibrary.org/obo/CHEBI_16113	cholesterol	http://purl.obolibrary.org/obo/ZFA_0000100	cerebellum
http://purl.obolibrary.org/obo/ZP_0143035	cholesterol forebrain decreased amount, abnormal	http://purl.obolibrary.org/obo/CHEBI_16113	cholesterol	http://purl.obolibrary.org/obo/ZFA_0000109	forebrain
http://purl.obolibrary.org/obo/ZP_0143031	cholesterol hindbrain decreased amount, abnormal	http://purl.obolibrary.org/obo/CHEBI_16113	cholesterol	http://purl.obolibrary.org/obo/ZFA_0000029	hindbrain
http://purl.obolibrary.org/obo/ZP_0142892	cholesterol liver decreased amount, abnormal	http://purl.obolibrary.org/obo/CHEBI_16113	cholesterol	http://purl.obolibrary.org/obo/ZFA_0000123	liver
http://purl.obolibrary.org/obo/ZP_0143037	cholesterol midbrain decreased amount, abnormal	http://purl.obolibrary.org/obo/CHEBI_16113	cholesterol	http://purl.obolibrary.org/obo/ZFA_0000128	midbrain
http://purl.obolibrary.org/obo/ZP_0101178	cholesterol whole organism decreased amount, abnormal	http://purl.obolibrary.org/obo/CHEBI_16113	cholesterol	http://purl.obolibrary.org/obo/ZFA_0001094	whole organism
http://purl.obolibrary.org/obo/ZP_0144416	cholesteryl beta-D-glucoside whole organism decreased amount, abnormal	http://purl.obolibrary.org/obo/CHEBI_17495	cholesteryl beta-D-glucoside	http://purl.obolibrary.org/obo/ZFA_0001094	whole organism
http://purl.obolibrary.org/obo/ZP_0142304	cholesteryl ester skeletal muscle decreased amount, abnormal	http://purl.obolibrary.org/obo/CHEBI_17002	cholesteryl ester	http://purl.obolibrary.org/obo/ZFA_0005277	skeletal muscle
http://purl.obolibrary.org/obo/ZP_0100185	choline brain decreased amount, abnormal	http://purl.obolibrary.org/obo/CHEBI_15354	choline	http://purl.obolibrary.org/obo/ZFA_0000008	brain
http://purl.obolibrary.org/obo/ZP_0144683	chondroitin sulfate bone tissue decreased amount, abnormal	http://purl.obolibrary.org/obo/CHEBI_37397	chondroitin sulfate	http://purl.obolibrary.org/obo/ZFA_0005621	bone tissue
http://purl.obolibrary.org/obo/ZP_0144681	chondroitin sulfate integument decreased amount, abnormal	http://purl.obolibrary.org/obo/CHEBI_37397	chondroitin sulfate	http://purl.obolibrary.org/obo/ZFA_0000368	integument
http://purl.obolibrary.org/obo/ZP_0137899	chondroitin sulfate whole organism decreased amount, abnormal	http://purl.obolibrary.org/obo/CHEBI_37397	chondroitin sulfate	http://purl.obolibrary.org/obo/ZFA_0001094	whole organism
http://purl.obolibrary.org/obo/ZP_0146194	citrate(3-) whole organism decreased amount, abnormal	http://purl.obolibrary.org/obo/CHEBI_16947	citrate(3-)	http://purl.obolibrary.org/obo/ZFA_0001094	whole organism
http://purl.obolibrary.org/obo/ZP_0137901	coenzyme Q10 whole organism decreased amount, abnormal	http://purl.obolibrary.org/obo/CHEBI_46245	coenzyme Q10	http://purl.obolibrary.org/obo/ZFA_0001094	whole organism
http://purl.obolibrary.org/obo/ZP_0104491	copper-63 brain decreased amount, abnormal	http://purl.obolibrary.org/obo/CHEBI_52630	copper-63	http://purl.obolibrary.org/obo/ZFA_0000008	brain
http://purl.obolibrary.org/obo/ZP_0103719	copper-63 liver decreased amount, abnormal	http://purl.obolibrary.org/obo/CHEBI_52630	copper-63	http://purl.obolibrary.org/obo/ZFA_0000123	liver
http://purl.obolibrary.org/obo/ZP_0103720	copper-63 midbrain decreased amount, abnormal	http://purl.obolibrary.org/obo/CHEBI_52630	copper-63	http://purl.obolibrary.org/obo/ZFA_0000128	midbrain
http://purl.obolibrary.org/obo/ZP_0103722	copper-63 nervous system decreased amount, abnormal	http://purl.obolibrary.org/obo/CHEBI_52630	copper-63	http://purl.obolibrary.org/obo/ZFA_0000396	nervous system
http://purl.obolibrary.org/obo/ZP_0103724	copper-63 retinal outer nuclear layer decreased amount, abnormal	http://purl.obolibrary.org/obo/CHEBI_52630	copper-63	http://purl.obolibrary.org/obo/ZFA_0001464	retinal outer nuclear layer
http://purl.obolibrary.org/obo/ZP_0140922	cortisol female organism decreased amount, abnormal	http://purl.obolibrary.org/obo/CHEBI_17650	cortisol	http://purl.obolibrary.org/obo/ZFA_0000303	female organism
http://purl.obolibrary.org/obo/ZP_0021823	cortisol male organism decreased amount, abnormal	http://purl.obolibrary.org/obo/CHEBI_17650	cortisol	http://purl.obolibrary.org/obo/ZFA_0000242	male organism
http://purl.obolibrary.org/obo/ZP_0103129	cortisol whole organism decreased amount, abnormal	http://purl.obolibrary.org/obo/CHEBI_17650	cortisol	http://purl.obolibrary.org/obo/ZFA_0001094	whole organism
http://purl.obolibrary.org/obo/ZP_0100772	cyanocob(III)alamin whole organism decreased amount, abnormal	http://purl.obolibrary.org/obo/CHEBI_17439	cyanocob(III)alamin	http://purl.obolibrary.org/obo/ZFA_0001094	whole organism
http://purl.obolibrary.org/obo/ZP_0018874	cysteine liver decreased amount, abnormal	http://purl.obolibrary.org/obo/CHEBI_15356	cysteine	http://purl.obolibrary.org/obo/ZFA_0000123	liver
http://purl.obolibrary.org/obo/ZP_0144119	cysteine whole organism decreased amount, abnormal	http://purl.obolibrary.org/obo/CHEBI_15356	cysteine	http://purl.obolibrary.org/obo/ZFA_0001094	whole organism
http://purl.obolibrary.org/obo/ZP_0144675	dermatan sulfate integument decreased amount, abnormal	http://purl.obolibrary.org/obo/CHEBI_18376	dermatan sulfate	http://purl.obolibrary.org/obo/ZFA_0000368	integument
http://purl.obolibrary.org/obo/ZP_0144676	dermatan sulfate muscle decreased amount, abnormal	http://purl.obolibrary.org/obo/CHEBI_18376	dermatan sulfate	http://purl.obolibrary.org/obo/ZFA_0005145	muscle
http://purl.obolibrary.org/obo/ZP_0137893	dermatan sulfate whole organism decreased amount, abnormal	http://purl.obolibrary.org/obo/CHEBI_18376	dermatan sulfate	http://purl.obolibrary.org/obo/ZFA_0001094	whole organism
http://purl.obolibrary.org/obo/ZP_0148108	diglyceride liver decreased amount, abnormal	http://purl.obolibrary.org/obo/CHEBI_18035	diglyceride	http://purl.obolibrary.org/obo/ZFA_0000123	liver
http://purl.obolibrary.org/obo/ZP_0146379	dihydroxyphenylacetic acid brain decreased amount, abnormal	http://purl.obolibrary.org/obo/CHEBI_61409	dihydroxyphenylacetic acid	http://purl.obolibrary.org/obo/ZFA_0000008	brain
http://purl.obolibrary.org/obo/ZP_0141243	dioleoyl phosphatidylglycerol whole organism decreased amount, abnormal	http://purl.obolibrary.org/obo/CHEBI_60426	dioleoyl phosphatidylglycerol	http://purl.obolibrary.org/obo/ZFA_0001094	whole organism
http://purl.obolibrary.org/obo/ZP_0100191	docosahexaenoic acid brain decreased amount, abnormal	http://purl.obolibrary.org/obo/CHEBI_36005	docosahexaenoic acid	http://purl.obolibrary.org/obo/ZFA_0000008	brain
http://purl.obolibrary.org/obo/ZP_0143701	docosahexaenoic acid liver decreased amount, abnormal	http://purl.obolibrary.org/obo/CHEBI_36005	docosahexaenoic acid	http://purl.obolibrary.org/obo/ZFA_0000123	liver
http://purl.obolibrary.org/obo/ZP_0148086	docosahexaenoic acid muscle decreased amount, abnormal	http://purl.obolibrary.org/obo/CHEBI_36005	docosahexaenoic acid	http://purl.obolibrary.org/obo/ZFA_0005145	muscle
http://purl.obolibrary.org/obo/ZP_0106446	docosahexaenoic acid whole organism decreased amount, abnormal	http://purl.obolibrary.org/obo/CHEBI_36005	docosahexaenoic acid	http://purl.obolibrary.org/obo/ZFA_0001094	whole organism
http://purl.obolibrary.org/obo/ZP_0148316	docosanoic acid whole organism decreased amount, abnormal	http://purl.obolibrary.org/obo/CHEBI_28941	docosanoic acid	http://purl.obolibrary.org/obo/ZFA_0001094	whole organism
http://purl.obolibrary.org/obo/ZP_0148105	docosapentaenoate liver decreased amount, abnormal	http://purl.obolibrary.org/obo/CHEBI_78053	docosapentaenoate	http://purl.obolibrary.org/obo/ZFA_0000123	liver
http://purl.obolibrary.org/obo/ZP_0148095	docosapentaenoate muscle decreased amount, abnormal	http://purl.obolibrary.org/obo/CHEBI_78053	docosapentaenoate	http://purl.obolibrary.org/obo/ZFA_0005145	muscle
http://purl.obolibrary.org/obo/ZP_0020713	dopamine brain decreased amount, abnormal	http://purl.obolibrary.org/obo/CHEBI_18243	dopamine	http://purl.obolibrary.org/obo/ZFA_0000008	brain
http://purl.obolibrary.org/obo/ZP_0101481	dopamine head decreased amount, abnormal	http://purl.obolibrary.org/obo/CHEBI_18243	dopamine	http://purl.obolibrary.org/obo/ZFA_0001114	head
http://purl.obolibrary.org/obo/ZP_0103231	dopamine retina decreased amount, abnormal	http://purl.obolibrary.org/obo/CHEBI_18243	dopamine	http://purl.obolibrary.org/obo/ZFA_0000152	retina
http://purl.obolibrary.org/obo/ZP_0101230	dopamine whole organism decreased amount, abnormal	http://purl.obolibrary.org/obo/CHEBI_18243	dopamine	http://purl.obolibrary.org/obo/ZFA_0001094	whole organism
http://purl.obolibrary.org/obo/ZP_0106729	double-stranded DNA fragment whole organism decreased amount, abnormal	http://purl.obolibrary.org/obo/CHEBI_75909	double-stranded DNA fragment	http://purl.obolibrary.org/obo/ZFA_0001094	whole organism
http://purl.obolibrary.org/obo/ZP_0148312	elaidic acid whole organism decreased amount, abnormal	http://purl.obolibrary.org/obo/CHEBI_27997	elaidic acid	http://purl.obolibrary.org/obo/ZFA_0001094	whole organism
http://purl.obolibrary.org/obo/ZP_0103028	estradiol blood decreased amount, abnormal	http://purl.obolibrary.org/obo/CHEBI_23965	estradiol	http://purl.obolibrary.org/obo/ZFA_0000007	blood
http://purl.obolibrary.org/obo/ZP_0107276	estradiol blood plasma decreased amount, abnormal	http://purl.obolibrary.org/obo/CHEBI_23965	estradiol	http://purl.obolibrary.org/obo/ZFA_0005654	blood plasma
http://purl.obolibrary.org/obo/ZP_0103082	estradiol female organism decreased amount, abnormal	http://purl.obolibrary.org/obo/CHEBI_23965	estradiol	http://purl.obolibrary.org/obo/ZFA_0000303	female organism
http://purl.obolibrary.org/obo/ZP_0141271	estradiol male organism decreased amount, abnormal	http://purl.obolibrary.org/obo/CHEBI_23965	estradiol	http://purl.obolibrary.org/obo/ZFA_0000242	male organism
http://purl.obolibrary.org/obo/ZP_0140568	estradiol ovary decreased amount, abnormal	http://purl.obolibrary.org/obo/CHEBI_23965	estradiol	http://purl.obolibrary.org/obo/ZFA_0000403	ovary
http://purl.obolibrary.org/obo/ZP_0140569	estradiol urine decreased amount, abnormal	http://purl.obolibrary.org/obo/CHEBI_23965	estradiol	http://purl.obolibrary.org/obo/ZFA_0005913	urine
http://purl.obolibrary.org/obo/ZP_0101343	estradiol whole organism decreased amount, abnormal	http://purl.obolibrary.org/obo/CHEBI_23965	estradiol	http://purl.obolibrary.org/obo/ZFA_0001094	whole organism
http://purl.obolibrary.org/obo/ZP_0131012	fatty acid blood plasma decreased amount, abnormal	http://purl.obolibrary.org/obo/CHEBI_35366	fatty acid	http://purl.obolibrary.org/obo/ZFA_0005654	blood plasma
http://purl.obolibrary.org/obo/ZP_0105886	fatty acid gall bladder decreased amount, abnormal	http://purl.obolibrary.org/obo/CHEBI_35366	fatty acid	http://purl.obolibrary.org/obo/ZFA_0000208	gall bladder
http://purl.obolibrary.org/obo/ZP_0103508	fatty acid liver decreased amount, abnormal	http://purl.obolibrary.org/obo/CHEBI_35366	fatty acid	http://purl.obolibrary.org/obo/ZFA_0000123	liver
http://purl.obolibrary.org/obo/ZP_0100981	fatty acid whole organism decreased amount, abnormal	http://purl.obolibrary.org/obo/CHEBI_35366	fatty acid	http://purl.obolibrary.org/obo/ZFA_0001094	whole organism
http://purl.obolibrary.org/obo/ZP_0100775	folic acid whole organism decreased amount, abnormal	http://purl.obolibrary.org/obo/CHEBI_27470	folic acid	http://purl.obolibrary.org/obo/ZFA_0001094	whole organism
http://purl.obolibrary.org/obo/ZP_0146197	fumarate(2-) whole organism decreased amount, abnormal	http://purl.obolibrary.org/obo/CHEBI_29806	fumarate(2-)	http://purl.obolibrary.org/obo/ZFA_0001094	whole organism
http://purl.obolibrary.org/obo/ZP_0140258	fumaric acid whole organism decreased amount, abnormal	http://purl.obolibrary.org/obo/CHEBI_18012	fumaric acid	http://purl.obolibrary.org/obo/ZFA_0001094	whole organism
http://purl.obolibrary.org/obo/ZP_0101207	gamma-aminobutyric acid brain decreased amount, abnormal	http://purl.obolibrary.org/obo/CHEBI_16865	gamma-aminobutyric acid	http://purl.obolibrary.org/obo/ZFA_0000008	brain
http://purl.obolibrary.org/obo/ZP_0145399	gamma-aminobutyric acid female organism decreased amount, abnormal	http://purl.obolibrary.org/obo/CHEBI_16865	gamma-aminobutyric acid	http://purl.obolibrary.org/obo/ZFA_0000303	female organism
http://purl.obolibrary.org/obo/ZP_0143012	gamma-aminobutyric acid telencephalon decreased amount, abnormal	http://purl.obolibrary.org/obo/CHEBI_16865	gamma-aminobutyric acid	http://purl.obolibrary.org/obo/ZFA_0000079	telencephalon
http://purl.obolibrary.org/obo/ZP_0102700	gamma-aminobutyric acid whole organism decreased amount, abnormal	http://purl.obolibrary.org/obo/CHEBI_16865	gamma-aminobutyric acid	http://purl.obolibrary.org/obo/ZFA_0001094	whole organism
http://purl.obolibrary.org/obo/ZP_0147691	gamma-linolenic acid liver decreased amount, abnormal	http://purl.obolibrary.org/obo/CHEBI_28661	gamma-linolenic acid	http://purl.obolibrary.org/obo/ZFA_0000123	liver
http://purl.obolibrary.org/obo/ZP_0146452	gamma-tocopherol whole organism decreased amount, abnormal	http://purl.obolibrary.org/obo/CHEBI_18185	gamma-tocopherol	http://purl.obolibrary.org/obo/ZFA_0001094	whole organism
http://purl.obolibrary.org/obo/ZP_0145840	gentamycin neuromast decreased amount, abnormal	http://purl.obolibrary.org/obo/CHEBI_17833	gentamycin	http://purl.obolibrary.org/obo/ZFA_0000243	neuromast
http://purl.obolibrary.org/obo/ZP_0104343	glucagon blood plasma decreased amount, abnormal	http://purl.obolibrary.org/obo/CHEBI_5391	glucagon	http://purl.obolibrary.org/obo/ZFA_0005654	blood plasma
http://purl.obolibrary.org/obo/ZP_0100809	glucose blood decreased amount, abnormal	http://purl.obolibrary.org/obo/CHEBI_17234	glucose	http://purl.obolibrary.org/obo/ZFA_0000007	blood
http://purl.obolibrary.org/obo/ZP_0137481	glucose blood plasma decreased amount, abnormal	http://purl.obolibrary.org/obo/CHEBI_17234	glucose	http://purl.obolibrary.org/obo/ZFA_0005654	blood plasma
http://purl.obolibrary.org/obo/ZP_0100905	glucose liver decreased amount, abnormal	http://purl.obolibrary.org/obo/CHEBI_17234	glucose	http://purl.obolibrary.org/obo/ZFA_0000123	liver
http://purl.obolibrary.org/obo/ZP_0102345	glucose male organism decreased amount, abnormal	http://purl.obolibrary.org/obo/CHEBI_17234	glucose	http://purl.obolibrary.org/obo/ZFA_0000242	male organism
http://purl.obolibrary.org/obo/ZP_0101011	glucose whole organism decreased amount, abnormal	http://purl.obolibrary.org/obo/CHEBI_17234	glucose	http://purl.obolibrary.org/obo/ZFA_0001094	whole organism
http://purl.obolibrary.org/obo/ZP_0145670	glutamate residue whole organism decreased amount, abnormal	http://purl.obolibrary.org/obo/CHEBI_32484	glutamate residue	http://purl.obolibrary.org/obo/ZFA_0001094	whole organism
http://purl.obolibrary.org/obo/ZP_0137724	glutamate(1-) whole organism decreased amount, abnormal	http://purl.obolibrary.org/obo/CHEBI_14321	glutamate(1-)	http://purl.obolibrary.org/obo/ZFA_0001094	whole organism
http://purl.obolibrary.org/obo/ZP_0146422	glutamic acid whole organism decreased amount, abnormal	http://purl.obolibrary.org/obo/CHEBI_18237	glutamic acid	http://purl.obolibrary.org/obo/ZFA_0001094	whole organism
http://purl.obolibrary.org/obo/ZP_0143010	glutamine brain decreased amount, abnormal	http://purl.obolibrary.org/obo/CHEBI_28300	glutamine	http://purl.obolibrary.org/obo/ZFA_0000008	brain
http://purl.obolibrary.org/obo/ZP_0144458	glutamine whole organism decreased amount, abnormal	http://purl.obolibrary.org/obo/CHEBI_28300	glutamine	http://purl.obolibrary.org/obo/ZFA_0001094	whole organism
http://purl.obolibrary.org/obo/ZP_0100429	glutathione anatomical structure decreased amount, abnormal	http://purl.obolibrary.org/obo/CHEBI_16856	glutathione	http://purl.obolibrary.org/obo/ZFA_0000037	anatomical structure
http://purl.obolibrary.org/obo/ZP_0143018	glutathione brain decreased amount, abnormal	http://purl.obolibrary.org/obo/CHEBI_16856	glutathione	http://purl.obolibrary.org/obo/ZFA_0000008	brain
http://purl.obolibrary.org/obo/ZP_0100393	glutathione disulfide anatomical structure decreased amount, abnormal	http://purl.obolibrary.org/obo/CHEBI_17858	glutathione disulfide	http://purl.obolibrary.org/obo/ZFA_0000037	anatomical structure
http://purl.obolibrary.org/obo/ZP_0130915	glutathione disulfide whole organism decreased amount, abnormal	http://purl.obolibrary.org/obo/CHEBI_17858	glutathione disulfide	http://purl.obolibrary.org/obo/ZFA_0001094	whole organism
http://purl.obolibrary.org/obo/ZP_0143150	glutathione eye decreased amount, abnormal	http://purl.obolibrary.org/obo/CHEBI_16856	glutathione	http://purl.obolibrary.org/obo/ZFA_0000107	eye
http://purl.obolibrary.org/obo/ZP_0139916	glutathione liver decreased amount, abnormal	http://purl.obolibrary.org/obo/CHEBI_16856	glutathione	http://purl.obolibrary.org/obo/ZFA_0000123	liver
http://purl.obolibrary.org/obo/ZP_0149075	glutathione pancreatic B cell decreased amount, abnormal	http://purl.obolibrary.org/obo/CHEBI_16856	glutathione	http://purl.obolibrary.org/obo/ZFA_0009102	pancreatic B cell
http://purl.obolibrary.org/obo/ZP_0100789	glutathione whole organism decreased amount, abnormal	http://purl.obolibrary.org/obo/CHEBI_16856	glutathione	http://purl.obolibrary.org/obo/ZFA_0001094	whole organism
http://purl.obolibrary.org/obo/ZP_0144120	glycine whole organism decreased amount, abnormal	http://purl.obolibrary.org/obo/CHEBI_15428	glycine	http://purl.obolibrary.org/obo/ZFA_0001094	whole organism
http://purl.obolibrary.org/obo/ZP_0103947	glycogen hepatocyte decreased amount, abnormal	http://purl.obolibrary.org/obo/CHEBI_28087	glycogen	http://purl.obolibrary.org/obo/ZFA_0009111	hepatocyte
http://purl.obolibrary.org/obo/ZP_0137505	glycogen liver decreased amount, abnormal	http://purl.obolibrary.org/obo/CHEBI_28087	glycogen	http://purl.obolibrary.org/obo/ZFA_0000123	liver
http://purl.obolibrary.org/obo/ZP_0101221	glycogen muscle decreased amount, abnormal	http://purl.obolibrary.org/obo/CHEBI_28087	glycogen	http://purl.obolibrary.org/obo/ZFA_0005145	muscle
http://purl.obolibrary.org/obo/ZP_0149045	glycogen whole organism decreased amount, abnormal	http://purl.obolibrary.org/obo/CHEBI_28087	glycogen	http://purl.obolibrary.org/obo/ZFA_0001094	whole organism
http://purl.obolibrary.org/obo/ZP_0137555	glycosphingolipid whole organism decreased amount, abnormal	http://purl.obolibrary.org/obo/CHEBI_24402	glycosphingolipid	http://purl.obolibrary.org/obo/ZFA_0001094	whole organism
http://purl.obolibrary.org/obo/ZP_0148206	guanosine 5'-monophosphate retina decreased amount, abnormal	http://purl.obolibrary.org/obo/CHEBI_17345	guanosine 5'-monophosphate	http://purl.obolibrary.org/obo/ZFA_0000152	retina
http://purl.obolibrary.org/obo/ZP_0148896	heme blood decreased amount, abnormal	http://purl.obolibrary.org/obo/CHEBI_30413	heme	http://purl.obolibrary.org/obo/ZFA_0000007	blood
http://purl.obolibrary.org/obo/ZP_0106827	heme neutrophil decreased amount, abnormal	http://purl.obolibrary.org/obo/CHEBI_30413	heme	http://purl.obolibrary.org/obo/ZFA_0009327	neutrophil
http://purl.obolibrary.org/obo/ZP_0141703	heme nucleate erythrocyte decreased amount, abnormal	http://purl.obolibrary.org/obo/CHEBI_30413	heme	http://purl.obolibrary.org/obo/ZFA_0009256	nucleate erythrocyte
http://purl.obolibrary.org/obo/ZP_0105907	heme whole organism decreased amount, abnormal	http://purl.obolibrary.org/obo/CHEBI_30413	heme	http://purl.obolibrary.org/obo/ZFA_0001094	whole organism
http://purl.obolibrary.org/obo/ZP_0102066	hemin whole organism decreased amount, abnormal	http://purl.obolibrary.org/obo/CHEBI_50385	hemin	http://purl.obolibrary.org/obo/ZFA_0001094	whole organism
http://purl.obolibrary.org/obo/ZP_0106450	hemoglobin blood cell decreased amount, abnormal	http://purl.obolibrary.org/obo/CHEBI_35143	hemoglobin	http://purl.obolibrary.org/obo/ZFA_0009044	blood cell
http://purl.obolibrary.org/obo/ZP_0105925	hemoglobin blood decreased amount, abnormal	http://purl.obolibrary.org/obo/CHEBI_35143	hemoglobin	http://purl.obolibrary.org/obo/ZFA_0000007	blood
http://purl.obolibrary.org/obo/ZP_0106765	hemoglobin erythroblast decreased amount, abnormal	http://purl.obolibrary.org/obo/CHEBI_35143	hemoglobin	http://purl.obolibrary.org/obo/ZFA_0005237	erythroblast
http://purl.obolibrary.org/obo/ZP_0144665	hemoglobin erythroid lineage cell decreased amount, abnormal	http://purl.obolibrary.org/obo/CHEBI_35143	hemoglobin	http://purl.obolibrary.org/obo/ZFA_0009325	erythroid lineage cell
http://purl.obolibrary.org/obo/ZP_0137406	hemoglobin nucleate erythrocyte decreased amount, abnormal	http://purl.obolibrary.org/obo/CHEBI_35143	hemoglobin	http://purl.obolibrary.org/obo/ZFA_0009256	nucleate erythrocyte
http://purl.obolibrary.org/obo/ZP_0143758	hemoglobin trunk decreased amount, abnormal	http://purl.obolibrary.org/obo/CHEBI_35143	hemoglobin	http://purl.obolibrary.org/obo/ZFA_0001115	trunk
http://purl.obolibrary.org/obo/ZP_0143930	hemoglobin vasculature decreased amount, abnormal	http://purl.obolibrary.org/obo/CHEBI_35143	hemoglobin	http://purl.obolibrary.org/obo/ZFA_0005249	vasculature
http://purl.obolibrary.org/obo/ZP_0104317	hemoglobin whole organism decreased amount, abnormal	http://purl.obolibrary.org/obo/CHEBI_35143	hemoglobin	http://purl.obolibrary.org/obo/ZFA_0001094	whole organism
http://purl.obolibrary.org/obo/ZP_0144678	heparan sulfate integument decreased amount, abnormal	http://purl.obolibrary.org/obo/CHEBI_28815	heparan sulfate	http://purl.obolibrary.org/obo/ZFA_0000368	integument
http://purl.obolibrary.org/obo/ZP_0144679	heparan sulfate muscle decreased amount, abnormal	http://purl.obolibrary.org/obo/CHEBI_28815	heparan sulfate	http://purl.obolibrary.org/obo/ZFA_0005145	muscle
http://purl.obolibrary.org/obo/ZP_0137898	heparan sulfate whole organism decreased amount, abnormal	http://purl.obolibrary.org/obo/CHEBI_28815	heparan sulfate	http://purl.obolibrary.org/obo/ZFA_0001094	whole organism
http://purl.obolibrary.org/obo/ZP_0141242	hexadecanoate ester whole organism decreased amount, abnormal	http://purl.obolibrary.org/obo/CHEBI_25835	hexadecanoate ester	http://purl.obolibrary.org/obo/ZFA_0001094	whole organism
http://purl.obolibrary.org/obo/ZP_0142301	hexadecanoic acid skeletal muscle decreased amount, abnormal	http://purl.obolibrary.org/obo/CHEBI_15756	hexadecanoic acid	http://purl.obolibrary.org/obo/ZFA_0005277	skeletal muscle
http://purl.obolibrary.org/obo/ZP_0100770	hexadecanoylcholine whole organism decreased amount, abnormal	http://purl.obolibrary.org/obo/CHEBI_133677	hexadecanoylcholine	http://purl.obolibrary.org/obo/ZFA_0001094	whole organism
http://purl.obolibrary.org/obo/ZP_0142307	hexadecatrienoic acid skeletal muscle decreased amount, abnormal	http://purl.obolibrary.org/obo/CHEBI_24545	hexadecatrienoic acid	http://purl.obolibrary.org/obo/ZFA_0005277	skeletal muscle
http://purl.obolibrary.org/obo/ZP_0144998	hexose kidney decreased amount, abnormal	http://purl.obolibrary.org/obo/CHEBI_18133	hexose	http://purl.obolibrary.org/obo/ZFA_0000529	kidney
http://purl.obolibrary.org/obo/ZP_0101520	high-density lipoprotein blood plasma decreased amount, abnormal	http://purl.obolibrary.org/obo/CHEBI_39025	high-density lipoprotein	http://purl.obolibrary.org/obo/ZFA_0005654	blood plasma
http://purl.obolibrary.org/obo/ZP_0145927	high-density lipoprotein cholesterol whole organism decreased amount, abnormal	http://purl.obolibrary.org/obo/CHEBI_47775	high-density lipoprotein cholesterol	http://purl.obolibrary.org/obo/ZFA_0001094	whole organism
http://purl.obolibrary.org/obo/ZP_0019643	histamine brain decreased amount, abnormal	http://purl.obolibrary.org/obo/CHEBI_18295	histamine	http://purl.obolibrary.org/obo/ZFA_0000008	brain
http://purl.obolibrary.org/obo/ZP_0149742	histamine whole organism decreased amount, abnormal	http://purl.obolibrary.org/obo/CHEBI_18295	histamine	http://purl.obolibrary.org/obo/ZFA_0001094	whole organism
http://purl.obolibrary.org/obo/ZP_0106032	histidine whole organism decreased amount, abnormal	http://purl.obolibrary.org/obo/CHEBI_27570	histidine	http://purl.obolibrary.org/obo/ZFA_0001094	whole organism
http://purl.obolibrary.org/obo/ZP_0018885	homocysteine liver decreased amount, abnormal	http://purl.obolibrary.org/obo/CHEBI_17230	homocysteine	http://purl.obolibrary.org/obo/ZFA_0000123	liver
http://purl.obolibrary.org/obo/ZP_0018880	homoserine liver decreased amount, abnormal	http://purl.obolibrary.org/obo/CHEBI_30653	homoserine	http://purl.obolibrary.org/obo/ZFA_0000123	liver
http://purl.obolibrary.org/obo/ZP_0146378	homovanillic acid brain decreased amount, abnormal	http://purl.obolibrary.org/obo/CHEBI_545959	homovanillic acid	http://purl.obolibrary.org/obo/ZFA_0000008	brain
http://purl.obolibrary.org/obo/ZP_0148781	hyaluronic acid cardiac ventricle decreased amount, abnormal	http://purl.obolibrary.org/obo/CHEBI_16336	hyaluronic acid	http://purl.obolibrary.org/obo/ZFA_0000009	cardiac ventricle
http://purl.obolibrary.org/obo/ZP_0106879	hyaluronic acid heart decreased amount, abnormal	http://purl.obolibrary.org/obo/CHEBI_16336	hyaluronic acid	http://purl.obolibrary.org/obo/ZFA_0000114	heart
http://purl.obolibrary.org/obo/ZP_0141614	hydrogen sulfide whole organism decreased amount, abnormal	http://purl.obolibrary.org/obo/CHEBI_16136	hydrogen sulfide	http://purl.obolibrary.org/obo/ZFA_0001094	whole organism
http://purl.obolibrary.org/obo/ZP_0137894	hydroxyproline whole organism decreased amount, abnormal	http://purl.obolibrary.org/obo/CHEBI_24741	hydroxyproline	http://purl.obolibrary.org/obo/ZFA_0001094	whole organism
http://purl.obolibrary.org/obo/ZP_0148329	icosenoic acid whole organism decreased amount, abnormal	http://purl.obolibrary.org/obo/CHEBI_23902	icosenoic acid	http://purl.obolibrary.org/obo/ZFA_0001094	whole organism
http://purl.obolibrary.org/obo/ZP_0142911	insulin blood decreased amount, abnormal	http://purl.obolibrary.org/obo/CHEBI_145810	insulin	http://purl.obolibrary.org/obo/ZFA_0000007	blood
http://purl.obolibrary.org/obo/ZP_0145925	insulin whole organism decreased amount, abnormal	http://purl.obolibrary.org/obo/CHEBI_145810	insulin	http://purl.obolibrary.org/obo/ZFA_0001094	whole organism
http://purl.obolibrary.org/obo/ZP_0138142	intermediate-density lipoprotein whole organism decreased amount, abnormal	http://purl.obolibrary.org/obo/CHEBI_132933	intermediate-density lipoprotein	http://purl.obolibrary.org/obo/ZFA_0001094	whole organism
http://purl.obolibrary.org/obo/ZP_0148895	iron atom spleen decreased amount, abnormal	http://purl.obolibrary.org/obo/CHEBI_18248	iron atom	http://purl.obolibrary.org/obo/ZFA_0000436	spleen
http://purl.obolibrary.org/obo/ZP_0137337	iron molecular entity blood plasma decreased amount, abnormal	http://purl.obolibrary.org/obo/CHEBI_24873	iron molecular entity	http://purl.obolibrary.org/obo/ZFA_0005654	blood plasma
http://purl.obolibrary.org/obo/ZP_0140292	isobutyrate intestine decreased amount, abnormal	http://purl.obolibrary.org/obo/CHEBI_48944	isobutyrate	http://purl.obolibrary.org/obo/ZFA_0001338	intestine
http://purl.obolibrary.org/obo/ZP_0146190	isocitrate(3-) whole organism decreased amount, abnormal	http://purl.obolibrary.org/obo/CHEBI_16087	isocitrate(3-)	http://purl.obolibrary.org/obo/ZFA_0001094	whole organism
http://purl.obolibrary.org/obo/ZP_0140260	isoleucine whole organism decreased amount, abnormal	http://purl.obolibrary.org/obo/CHEBI_24898	isoleucine	http://purl.obolibrary.org/obo/ZFA_0001094	whole organism
http://purl.obolibrary.org/obo/ZP_0137902	keratan sulfate whole organism decreased amount, abnormal	http://purl.obolibrary.org/obo/CHEBI_60924	keratan sulfate	http://purl.obolibrary.org/obo/ZFA_0001094	whole organism
http://purl.obolibrary.org/obo/ZP_0100272	lactate whole organism decreased amount, abnormal	http://purl.obolibrary.org/obo/CHEBI_24996	lactate	http://purl.obolibrary.org/obo/ZFA_0001094	whole organism
http://purl.obolibrary.org/obo/ZP_0140261	leucine whole organism decreased amount, abnormal	http://purl.obolibrary.org/obo/CHEBI_25017	leucine	http://purl.obolibrary.org/obo/ZFA_0001094	whole organism
http://purl.obolibrary.org/obo/ZP_0148097	linoleic acid liver decreased amount, abnormal	http://purl.obolibrary.org/obo/CHEBI_17351	linoleic acid	http://purl.obolibrary.org/obo/ZFA_0000123	liver
http://purl.obolibrary.org/obo/ZP_0148310	linoleic acid whole organism decreased amount, abnormal	http://purl.obolibrary.org/obo/CHEBI_17351	linoleic acid	http://purl.obolibrary.org/obo/ZFA_0001094	whole organism
http://purl.obolibrary.org/obo/ZP_0144483	lipid blood decreased amount, abnormal	http://purl.obolibrary.org/obo/CHEBI_18059	lipid	http://purl.obolibrary.org/obo/ZFA_0000007	blood
http://purl.obolibrary.org/obo/ZP_0021723	lipid intestine decreased amount, abnormal	http://purl.obolibrary.org/obo/CHEBI_18059	lipid	http://purl.obolibrary.org/obo/ZFA_0001338	intestine
http://purl.obolibrary.org/obo/ZP_0131011	lipid liver decreased amount, abnormal	http://purl.obolibrary.org/obo/CHEBI_18059	lipid	http://purl.obolibrary.org/obo/ZFA_0000123	liver
http://purl.obolibrary.org/obo/ZP_0101132	lipid whole organism decreased amount, abnormal	http://purl.obolibrary.org/obo/CHEBI_18059	lipid	http://purl.obolibrary.org/obo/ZFA_0001094	whole organism
http://purl.obolibrary.org/obo/ZP_0141048	lipid xanthophore decreased amount, abnormal	http://purl.obolibrary.org/obo/CHEBI_18059	lipid	http://purl.obolibrary.org/obo/ZFA_0009198	xanthophore
http://purl.obolibrary.org/obo/ZP_0101006	lipid yolk decreased amount, abnormal	http://purl.obolibrary.org/obo/CHEBI_18059	lipid	http://purl.obolibrary.org/obo/ZFA_0000084	yolk
http://purl.obolibrary.org/obo/ZP_0020997	lipooligosaccharide whole organism decreased amount, abnormal	http://purl.obolibrary.org/obo/CHEBI_35371	lipooligosaccharide	http://purl.obolibrary.org/obo/ZFA_0001094	whole organism
http://purl.obolibrary.org/obo/ZP_0138143	low-density lipoprotein whole organism decreased amount, abnormal	http://purl.obolibrary.org/obo/CHEBI_39026	low-density lipoprotein	http://purl.obolibrary.org/obo/ZFA_0001094	whole organism
http://purl.obolibrary.org/obo/ZP_0144454	lysine whole organism decreased amount, abnormal	http://purl.obolibrary.org/obo/CHEBI_25094	lysine	http://purl.obolibrary.org/obo/ZFA_0001094	whole organism
http://purl.obolibrary.org/obo/ZP_0100193	lysophosphatidylcholine brain decreased amount, abnormal	http://purl.obolibrary.org/obo/CHEBI_60479	lysophosphatidylcholine	http://purl.obolibrary.org/obo/ZFA_0000008	brain
http://purl.obolibrary.org/obo/ZP_0144640	lysophosphatidylethanolamine 16:0 spinal cord decreased amount, abnormal	http://purl.obolibrary.org/obo/CHEBI_90452	lysophosphatidylethanolamine 16:0	http://purl.obolibrary.org/obo/ZFA_0000075	spinal cord
http://purl.obolibrary.org/obo/ZP_0144630	lysophosphatidylethanolamine 18:1 spinal cord decreased amount, abnormal	http://purl.obolibrary.org/obo/CHEBI_64575	lysophosphatidylethanolamine 18:1	http://purl.obolibrary.org/obo/ZFA_0000075	spinal cord
http://purl.obolibrary.org/obo/ZP_0103254	magnesium atom whole organism decreased amount, abnormal	http://purl.obolibrary.org/obo/CHEBI_25107	magnesium atom	http://purl.obolibrary.org/obo/ZFA_0001094	whole organism
http://purl.obolibrary.org/obo/ZP_0146457	magnesium cation bone tissue decreased amount, abnormal	http://purl.obolibrary.org/obo/CHEBI_39127	magnesium cation	http://purl.obolibrary.org/obo/ZFA_0005621	bone tissue
http://purl.obolibrary.org/obo/ZP_0147740	magnesium cation whole organism decreased amount, abnormal	http://purl.obolibrary.org/obo/CHEBI_39127	magnesium cation	http://purl.obolibrary.org/obo/ZFA_0001094	whole organism
http://purl.obolibrary.org/obo/ZP_0104201	magnesium(2+) whole organism decreased amount, abnormal	http://purl.obolibrary.org/obo/CHEBI_18420	magnesium(2+)	http://purl.obolibrary.org/obo/ZFA_0001094	whole organism
http://purl.obolibrary.org/obo/ZP_0146195	malate whole organism decreased amount, abnormal	http://purl.obolibrary.org/obo/CHEBI_25115	malate	http://purl.obolibrary.org/obo/ZFA_0001094	whole organism
http://purl.obolibrary.org/obo/ZP_0140263	malic acid whole organism decreased amount, abnormal	http://purl.obolibrary.org/obo/CHEBI_6650	malic acid	http://purl.obolibrary.org/obo/ZFA_0001094	whole organism
http://purl.obolibrary.org/obo/ZP_0140112	malonaldehyde whole organism decreased amount, abnormal	http://purl.obolibrary.org/obo/CHEBI_566274	malonaldehyde	http://purl.obolibrary.org/obo/ZFA_0001094	whole organism
http://purl.obolibrary.org/obo/ZP_0101979	manganese atom retinal pigmented epithelium decreased amount, abnormal	http://purl.obolibrary.org/obo/CHEBI_18291	manganese atom	http://purl.obolibrary.org/obo/ZFA_0000144	retinal pigmented epithelium
http://purl.obolibrary.org/obo/ZP_0102224	manganese atom whole organism decreased amount, abnormal	http://purl.obolibrary.org/obo/CHEBI_18291	manganese atom	http://purl.obolibrary.org/obo/ZFA_0001094	whole organism
http://purl.obolibrary.org/obo/ZP_0102919	melatonin whole organism decreased amount, abnormal	http://purl.obolibrary.org/obo/CHEBI_16796	melatonin	http://purl.obolibrary.org/obo/ZFA_0001094	whole organism
http://purl.obolibrary.org/obo/ZP_0018888	methionine liver decreased amount, abnormal	http://purl.obolibrary.org/obo/CHEBI_16811	methionine	http://purl.obolibrary.org/obo/ZFA_0000123	liver
http://purl.obolibrary.org/obo/ZP_0102699	methionine whole organism decreased amount, abnormal	http://purl.obolibrary.org/obo/CHEBI_16811	methionine	http://purl.obolibrary.org/obo/ZFA_0001094	whole organism
http://purl.obolibrary.org/obo/ZP_0144734	mineral caudal fin principal ray decreased amount, abnormal	http://purl.obolibrary.org/obo/CHEBI_46662	mineral	http://purl.obolibrary.org/obo/ZFA_0001585	caudal fin principal ray
http://purl.obolibrary.org/obo/ZP_0144384	mineral enameloid decreased amount, abnormal	http://purl.obolibrary.org/obo/CHEBI_46662	mineral	http://purl.obolibrary.org/obo/ZFA_0005142	enameloid
http://purl.obolibrary.org/obo/ZP_0148107	monoacylglycerol liver decreased amount, abnormal	http://purl.obolibrary.org/obo/CHEBI_17408	monoacylglycerol	http://purl.obolibrary.org/obo/ZFA_0000123	liver
http://purl.obolibrary.org/obo/ZP_0143956	monounsaturated fatty acid intestine decreased amount, abnormal	http://purl.obolibrary.org/obo/CHEBI_25413	monounsaturated fatty acid	http://purl.obolibrary.org/obo/ZFA_0001338	intestine
http://purl.obolibrary.org/obo/ZP_0145841	neomycin neuromast decreased amount, abnormal	http://purl.obolibrary.org/obo/CHEBI_7507	neomycin	http://purl.obolibrary.org/obo/ZFA_0000243	neuromast
http://purl.obolibrary.org/obo/ZP_0137342	nicotinic acid-adenine dinucleotide phosphate whole organism decreased amount, abnormal	http://purl.obolibrary.org/obo/CHEBI_76072	nicotinic acid-adenine dinucleotide phosphate	http://purl.obolibrary.org/obo/ZFA_0001094	whole organism
http://purl.obolibrary.org/obo/ZP_0140106	nitric oxide whole organism decreased amount, abnormal	http://purl.obolibrary.org/obo/CHEBI_16480	nitric oxide	http://purl.obolibrary.org/obo/ZFA_0001094	whole organism
http://purl.obolibrary.org/obo/ZP_0020710	noradrenaline brain decreased amount, abnormal	http://purl.obolibrary.org/obo/CHEBI_33569	noradrenaline	http://purl.obolibrary.org/obo/ZFA_0000008	brain
http://purl.obolibrary.org/obo/ZP_0101497	noradrenaline head decreased amount, abnormal	http://purl.obolibrary.org/obo/CHEBI_33569	noradrenaline	http://purl.obolibrary.org/obo/ZFA_0001114	head
http://purl.obolibrary.org/obo/ZP_0104769	noradrenaline hindbrain decreased amount, abnormal	http://purl.obolibrary.org/obo/CHEBI_33569	noradrenaline	http://purl.obolibrary.org/obo/ZFA_0000029	hindbrain
http://purl.obolibrary.org/obo/ZP_0106101	noradrenaline whole organism decreased amount, abnormal	http://purl.obolibrary.org/obo/CHEBI_33569	noradrenaline	http://purl.obolibrary.org/obo/ZFA_0001094	whole organism
http://purl.obolibrary.org/obo/ZP_0141244	octadecanoate ester whole organism decreased amount, abnormal	http://purl.obolibrary.org/obo/CHEBI_75925	octadecanoate ester	http://purl.obolibrary.org/obo/ZFA_0001094	whole organism
http://purl.obolibrary.org/obo/ZP_0130916	organosulfur compound whole organism decreased amount, abnormal	http://purl.obolibrary.org/obo/CHEBI_33261	organosulfur compound	http://purl.obolibrary.org/obo/ZFA_0001094	whole organism
http://purl.obolibrary.org/obo/ZP_0145674	ornithine whole organism decreased amount, abnormal	http://purl.obolibrary.org/obo/CHEBI_18257	ornithine	http://purl.obolibrary.org/obo/ZFA_0001094	whole organism
http://purl.obolibrary.org/obo/ZP_0146423	phenylalanine whole organism decreased amount, abnormal	http://purl.obolibrary.org/obo/CHEBI_28044	phenylalanine	http://purl.obolibrary.org/obo/ZFA_0001094	whole organism
http://purl.obolibrary.org/obo/ZP_0146455	phosphate bone tissue decreased amount, abnormal	http://purl.obolibrary.org/obo/CHEBI_26020	phosphate	http://purl.obolibrary.org/obo/ZFA_0005621	bone tissue
http://purl.obolibrary.org/obo/ZP_0138017	phosphate vertebral body end plate decreased amount, abnormal	http://purl.obolibrary.org/obo/CHEBI_26020	phosphate	http://purl.obolibrary.org/obo/ZFA_0007118	vertebral body end plate
http://purl.obolibrary.org/obo/ZP_0147738	phosphate whole organism decreased amount, abnormal	http://purl.obolibrary.org/obo/CHEBI_26020	phosphate	http://purl.obolibrary.org/obo/ZFA_0001094	whole organism
http://purl.obolibrary.org/obo/ZP_0148473	phosphatidic acid 40:6 whole organism decreased amount, abnormal	http://purl.obolibrary.org/obo/CHEBI_140353	phosphatidic acid 40:6	http://purl.obolibrary.org/obo/ZFA_0001094	whole organism
http://purl.obolibrary.org/obo/ZP_0148384	phosphatidylcholine 32:0 sperm decreased amount, abnormal	http://purl.obolibrary.org/obo/CHEBI_66850	phosphatidylcholine 32:0	http://purl.obolibrary.org/obo/ZFA_0009006	sperm
http://purl.obolibrary.org/obo/ZP_0148480	phosphatidylcholine 36:1 whole organism decreased amount, abnormal	http://purl.obolibrary.org/obo/CHEBI_66857	phosphatidylcholine 36:1	http://purl.obolibrary.org/obo/ZFA_0001094	whole organism
http://purl.obolibrary.org/obo/ZP_0148478	phosphatidylcholine 40:5 whole organism decreased amount, abnormal	http://purl.obolibrary.org/obo/CHEBI_64524	phosphatidylcholine 40:5	http://purl.obolibrary.org/obo/ZFA_0001094	whole organism
http://purl.obolibrary.org/obo/ZP_0148477	phosphatidylcholine 40:6 whole organism decreased amount, abnormal	http://purl.obolibrary.org/obo/CHEBI_64431	phosphatidylcholine 40:6	http://purl.obolibrary.org/obo/ZFA_0001094	whole organism
http://purl.obolibrary.org/obo/ZP_0148333	phosphatidylcholine whole organism decreased amount, abnormal	http://purl.obolibrary.org/obo/CHEBI_64482	phosphatidylcholine	http://purl.obolibrary.org/obo/ZFA_0001094	whole organism
http://purl.obolibrary.org/obo/ZP_0148397	phosphatidylethanolamine 36:1 whole organism decreased amount, abnormal	http://purl.obolibrary.org/obo/CHEBI_134451	phosphatidylethanolamine 36:1	http://purl.obolibrary.org/obo/ZFA_0001094	whole organism
http://purl.obolibrary.org/obo/ZP_0148392	phosphatidylethanolamine 38:4 whole organism decreased amount, abnormal	http://purl.obolibrary.org/obo/CHEBI_134270	phosphatidylethanolamine 38:4	http://purl.obolibrary.org/obo/ZFA_0001094	whole organism
http://purl.obolibrary.org/obo/ZP_0148360	phosphatidylethanolamine 40:5 sperm decreased amount, abnormal	http://purl.obolibrary.org/obo/CHEBI_134243	phosphatidylethanolamine 40:5	http://purl.obolibrary.org/obo/ZFA_0009006	sperm
http://purl.obolibrary.org/obo/ZP_0148391	phosphatidylethanolamine 40:5 whole organism decreased amount, abnormal	http://purl.obolibrary.org/obo/CHEBI_134243	phosphatidylethanolamine 40:5	http://purl.obolibrary.org/obo/ZFA_0001094	whole organism
http://purl.obolibrary.org/obo/ZP_0144631	phosphatidylethanolamine 40:5 zwitterion brain decreased amount, abnormal	http://purl.obolibrary.org/obo/CHEBI_71745	phosphatidylethanolamine 40:5 zwitterion	http://purl.obolibrary.org/obo/ZFA_0000008	brain
http://purl.obolibrary.org/obo/ZP_0148359	phosphatidylethanolamine 40:6 sperm decreased amount, abnormal	http://purl.obolibrary.org/obo/CHEBI_134241	phosphatidylethanolamine 40:6	http://purl.obolibrary.org/obo/ZFA_0009006	sperm
http://purl.obolibrary.org/obo/ZP_0148390	phosphatidylethanolamine 40:6 whole organism decreased amount, abnormal	http://purl.obolibrary.org/obo/CHEBI_134241	phosphatidylethanolamine 40:6	http://purl.obolibrary.org/obo/ZFA_0001094	whole organism
http://purl.obolibrary.org/obo/ZP_0144615	phosphatidylethanolamine 42:7 zwitterion intestine decreased amount, abnormal	http://purl.obolibrary.org/obo/CHEBI_132601	phosphatidylethanolamine 42:7 zwitterion	http://purl.obolibrary.org/obo/ZFA_0001338	intestine
http://purl.obolibrary.org/obo/ZP_0148328	phosphatidylethanolamine whole organism decreased amount, abnormal	http://purl.obolibrary.org/obo/CHEBI_16038	phosphatidylethanolamine	http://purl.obolibrary.org/obo/ZFA_0001094	whole organism
http://purl.obolibrary.org/obo/ZP_0148468	phosphatidylglycerol 32:1 whole organism decreased amount, abnormal	http://purl.obolibrary.org/obo/CHEBI_136220	phosphatidylglycerol 32:1	http://purl.obolibrary.org/obo/ZFA_0001094	whole organism
http://purl.obolibrary.org/obo/ZP_0148472	phosphatidylglycerol 34:2 whole organism decreased amount, abnormal	http://purl.obolibrary.org/obo/CHEBI_136479	phosphatidylglycerol 34:2	http://purl.obolibrary.org/obo/ZFA_0001094	whole organism
http://purl.obolibrary.org/obo/ZP_0148475	phosphatidylglycerol 40:5 whole organism decreased amount, abnormal	http://purl.obolibrary.org/obo/CHEBI_156030	phosphatidylglycerol 40:5	http://purl.obolibrary.org/obo/ZFA_0001094	whole organism
http://purl.obolibrary.org/obo/ZP_0148407	phosphatidylinositol 34:2 whole organism decreased amount, abnormal	http://purl.obolibrary.org/obo/CHEBI_136243	phosphatidylinositol 34:2	http://purl.obolibrary.org/obo/ZFA_0001094	whole organism
http://purl.obolibrary.org/obo/ZP_0143960	phosphatidylinositol liver decreased amount, abnormal	http://purl.obolibrary.org/obo/CHEBI_28874	phosphatidylinositol	http://purl.obolibrary.org/obo/ZFA_0000123	liver
http://purl.obolibrary.org/obo/ZP_0148467	phosphatidylserine 34:0(1-) whole organism decreased amount, abnormal	http://purl.obolibrary.org/obo/CHEBI_72057	phosphatidylserine 34:0(1-)	http://purl.obolibrary.org/obo/ZFA_0001094	whole organism
http://purl.obolibrary.org/obo/ZP_0148470	phosphatidylserine 36:1 whole organism decreased amount, abnormal	http://purl.obolibrary.org/obo/CHEBI_136256	phosphatidylserine 36:1	http://purl.obolibrary.org/obo/ZFA_0001094	whole organism
http://purl.obolibrary.org/obo/ZP_0148414	phosphatidylserine 38:3 whole organism decreased amount, abnormal	http://purl.obolibrary.org/obo/CHEBI_136258	phosphatidylserine 38:3	http://purl.obolibrary.org/obo/ZFA_0001094	whole organism
http://purl.obolibrary.org/obo/ZP_0148471	phosphatidylserine 38:4 whole organism decreased amount, abnormal	http://purl.obolibrary.org/obo/CHEBI_136259	phosphatidylserine 38:4	http://purl.obolibrary.org/obo/ZFA_0001094	whole organism
http://purl.obolibrary.org/obo/ZP_0148419	phosphatidylserine 40:5 whole organism decreased amount, abnormal	http://purl.obolibrary.org/obo/CHEBI_136268	phosphatidylserine 40:5	http://purl.obolibrary.org/obo/ZFA_0001094	whole organism
http://purl.obolibrary.org/obo/ZP_0148417	phosphatidylserine 40:6 whole organism decreased amount, abnormal	http://purl.obolibrary.org/obo/CHEBI_136263	phosphatidylserine 40:6	http://purl.obolibrary.org/obo/ZFA_0001094	whole organism
http://purl.obolibrary.org/obo/ZP_0100773	phosphocholine whole organism decreased amount, abnormal	http://purl.obolibrary.org/obo/CHEBI_18132	phosphocholine	http://purl.obolibrary.org/obo/ZFA_0001094	whole organism
http://purl.obolibrary.org/obo/ZP_0131009	phospholipid blood plasma decreased amount, abnormal	http://purl.obolibrary.org/obo/CHEBI_16247	phospholipid	http://purl.obolibrary.org/obo/ZFA_0005654	blood plasma
http://purl.obolibrary.org/obo/ZP_0144011	phospholipid gall bladder decreased amount, abnormal	http://purl.obolibrary.org/obo/CHEBI_16247	phospholipid	http://purl.obolibrary.org/obo/ZFA_0000208	gall bladder
http://purl.obolibrary.org/obo/ZP_0144383	phosphorus atom enameloid decreased amount, abnormal	http://purl.obolibrary.org/obo/CHEBI_28659	phosphorus atom	http://purl.obolibrary.org/obo/ZFA_0005142	enameloid
http://purl.obolibrary.org/obo/ZP_0103255	phosphorus atom whole organism decreased amount, abnormal	http://purl.obolibrary.org/obo/CHEBI_28659	phosphorus atom	http://purl.obolibrary.org/obo/ZFA_0001094	whole organism
http://purl.obolibrary.org/obo/ZP_0142895	polyunsaturated fatty acid blood plasma decreased amount, abnormal	http://purl.obolibrary.org/obo/CHEBI_26208	polyunsaturated fatty acid	http://purl.obolibrary.org/obo/ZFA_0005654	blood plasma
http://purl.obolibrary.org/obo/ZP_0101983	potassium atom retinal pigmented epithelium decreased amount, abnormal	http://purl.obolibrary.org/obo/CHEBI_26216	potassium atom	http://purl.obolibrary.org/obo/ZFA_0000144	retinal pigmented epithelium
http://purl.obolibrary.org/obo/ZP_0149022	potassium atom whole organism decreased amount, abnormal	http://purl.obolibrary.org/obo/CHEBI_26216	potassium atom	http://purl.obolibrary.org/obo/ZFA_0001094	whole organism
http://purl.obolibrary.org/obo/ZP_0021922	potassium(1+) whole organism decreased amount, abnormal	http://purl.obolibrary.org/obo/CHEBI_29103	potassium(1+)	http://purl.obolibrary.org/obo/ZFA_0001094	whole organism
http://purl.obolibrary.org/obo/ZP_0100644	progesterone whole organism decreased amount, abnormal	http://purl.obolibrary.org/obo/CHEBI_17026	progesterone	http://purl.obolibrary.org/obo/ZFA_0001094	whole organism
http://purl.obolibrary.org/obo/ZP_0137897	proline whole organism decreased amount, abnormal	http://purl.obolibrary.org/obo/CHEBI_26271	proline	http://purl.obolibrary.org/obo/ZFA_0001094	whole organism
http://purl.obolibrary.org/obo/ZP_0105889	prostaglandin E2 ovary decreased amount, abnormal	http://purl.obolibrary.org/obo/CHEBI_15551	prostaglandin E2	http://purl.obolibrary.org/obo/ZFA_0000403	ovary
http://purl.obolibrary.org/obo/ZP_0102188	prostaglandin E2 whole organism decreased amount, abnormal	http://purl.obolibrary.org/obo/CHEBI_15551	prostaglandin E2	http://purl.obolibrary.org/obo/ZFA_0001094	whole organism
http://purl.obolibrary.org/obo/ZP_0105890	prostaglandin F2alpha ovary decreased amount, abnormal	http://purl.obolibrary.org/obo/CHEBI_15553	prostaglandin F2alpha	http://purl.obolibrary.org/obo/ZFA_0000403	ovary
http://purl.obolibrary.org/obo/ZP_0021021	protein blood decreased amount, abnormal	http://purl.obolibrary.org/obo/CHEBI_36080	protein	http://purl.obolibrary.org/obo/ZFA_0000007	blood
http://purl.obolibrary.org/obo/ZP_0137482	protein muscle decreased amount, abnormal	http://purl.obolibrary.org/obo/CHEBI_36080	protein	http://purl.obolibrary.org/obo/ZFA_0005145	muscle
http://purl.obolibrary.org/obo/ZP_0143750	protein whole organism decreased amount, abnormal	http://purl.obolibrary.org/obo/CHEBI_36080	protein	http://purl.obolibrary.org/obo/ZFA_0001094	whole organism
http://purl.obolibrary.org/obo/ZP_0107205	proteoglycan otic vesicle protrusion decreased amount, abnormal	http://purl.obolibrary.org/obo/CHEBI_37396	proteoglycan	http://purl.obolibrary.org/obo/ZFA_0001715	otic vesicle protrusion
http://purl.obolibrary.org/obo/ZP_0144452	pyridoxal 5'-phosphate whole organism decreased amount, abnormal	http://purl.obolibrary.org/obo/CHEBI_18405	pyridoxal 5'-phosphate	http://purl.obolibrary.org/obo/ZFA_0001094	whole organism
http://purl.obolibrary.org/obo/ZP_0102705	pyridoxal whole organism decreased amount, abnormal	http://purl.obolibrary.org/obo/CHEBI_17310	pyridoxal	http://purl.obolibrary.org/obo/ZFA_0001094	whole organism
http://purl.obolibrary.org/obo/ZP_0100774	pyridoxamine 5'-phosphate whole organism decreased amount, abnormal	http://purl.obolibrary.org/obo/CHEBI_18335	pyridoxamine 5'-phosphate	http://purl.obolibrary.org/obo/ZFA_0001094	whole organism
http://purl.obolibrary.org/obo/ZP_0100771	pyridoxamine whole organism decreased amount, abnormal	http://purl.obolibrary.org/obo/CHEBI_16410	pyridoxamine	http://purl.obolibrary.org/obo/ZFA_0001094	whole organism
http://purl.obolibrary.org/obo/ZP_0100769	pyridoxate whole organism decreased amount, abnormal	http://purl.obolibrary.org/obo/CHEBI_132948	pyridoxate	http://purl.obolibrary.org/obo/ZFA_0001094	whole organism
http://purl.obolibrary.org/obo/ZP_0146192	pyridoxine whole organism decreased amount, abnormal	http://purl.obolibrary.org/obo/CHEBI_16709	pyridoxine	http://purl.obolibrary.org/obo/ZFA_0001094	whole organism
http://purl.obolibrary.org/obo/ZP_0146653	pyruvate whole organism decreased amount, abnormal	http://purl.obolibrary.org/obo/CHEBI_15361	pyruvate	http://purl.obolibrary.org/obo/ZFA_0001094	whole organism
http://purl.obolibrary.org/obo/ZP_0149671	pyruvic acid liver decreased amount, abnormal	http://purl.obolibrary.org/obo/CHEBI_32816	pyruvic acid	http://purl.obolibrary.org/obo/ZFA_0000123	liver
http://purl.obolibrary.org/obo/ZP_0138187	reactive oxygen species neutrophil decreased amount, abnormal	http://purl.obolibrary.org/obo/CHEBI_26523	reactive oxygen species	http://purl.obolibrary.org/obo/ZFA_0009327	neutrophil
http://purl.obolibrary.org/obo/ZP_0140221	reactive oxygen species swim bladder decreased amount, abnormal	http://purl.obolibrary.org/obo/CHEBI_26523	reactive oxygen species	http://purl.obolibrary.org/obo/ZFA_0000076	swim bladder
http://purl.obolibrary.org/obo/ZP_0148240	reactive oxygen species thymus decreased amount, abnormal	http://purl.obolibrary.org/obo/CHEBI_26523	reactive oxygen species	http://purl.obolibrary.org/obo/ZFA_0001078	thymus
http://purl.obolibrary.org/obo/ZP_0103264	reactive oxygen species whole organism decreased amount, abnormal	http://purl.obolibrary.org/obo/CHEBI_26523	reactive oxygen species	http://purl.obolibrary.org/obo/ZFA_0001094	whole organism
http://purl.obolibrary.org/obo/ZP_0146253	retinoid eye decreased amount, abnormal	http://purl.obolibrary.org/obo/CHEBI_26537	retinoid	http://purl.obolibrary.org/obo/ZFA_0000107	eye
http://purl.obolibrary.org/obo/ZP_0142490	retinyl ester head decreased amount, abnormal	http://purl.obolibrary.org/obo/CHEBI_16179	retinyl ester	http://purl.obolibrary.org/obo/ZFA_0001114	head
http://purl.obolibrary.org/obo/ZP_0138296	ribosomal RNA skeletal muscle myoblast decreased amount, abnormal	http://purl.obolibrary.org/obo/CHEBI_18111	ribosomal RNA	http://purl.obolibrary.org/obo/ZFA_0009236	skeletal muscle myoblast
http://purl.obolibrary.org/obo/ZP_0143612	ribosomal RNA whole organism decreased amount, abnormal	http://purl.obolibrary.org/obo/CHEBI_18111	ribosomal RNA	http://purl.obolibrary.org/obo/ZFA_0001094	whole organism
http://purl.obolibrary.org/obo/ZP_0147689	saturated fatty acid liver decreased amount, abnormal	http://purl.obolibrary.org/obo/CHEBI_26607	saturated fatty acid	http://purl.obolibrary.org/obo/ZFA_0000123	liver
http://purl.obolibrary.org/obo/ZP_0101986	selenium atom retinal pigmented epithelium decreased amount, abnormal	http://purl.obolibrary.org/obo/CHEBI_27568	selenium atom	http://purl.obolibrary.org/obo/ZFA_0000144	retinal pigmented epithelium
http://purl.obolibrary.org/obo/ZP_0018886	serine liver decreased amount, abnormal	http://purl.obolibrary.org/obo/CHEBI_17822	serine	http://purl.obolibrary.org/obo/ZFA_0000123	liver
http://purl.obolibrary.org/obo/ZP_0144121	serine whole organism decreased amount, abnormal	http://purl.obolibrary.org/obo/CHEBI_17822	serine	http://purl.obolibrary.org/obo/ZFA_0001094	whole organism
http://purl.obolibrary.org/obo/ZP_0020711	serotonin brain decreased amount, abnormal	http://purl.obolibrary.org/obo/CHEBI_28790	serotonin	http://purl.obolibrary.org/obo/ZFA_0000008	brain
http://purl.obolibrary.org/obo/ZP_0140101	serotonin gut decreased amount, abnormal	http://purl.obolibrary.org/obo/CHEBI_28790	serotonin	http://purl.obolibrary.org/obo/ZFA_0000112	gut
http://purl.obolibrary.org/obo/ZP_0143243	serotonin trunk decreased amount, abnormal	http://purl.obolibrary.org/obo/CHEBI_28790	serotonin	http://purl.obolibrary.org/obo/ZFA_0001115	trunk
http://purl.obolibrary.org/obo/ZP_0101231	serotonin whole organism decreased amount, abnormal	http://purl.obolibrary.org/obo/CHEBI_28790	serotonin	http://purl.obolibrary.org/obo/ZFA_0001094	whole organism
http://purl.obolibrary.org/obo/ZP_0149024	sodium atom whole organism decreased amount, abnormal	http://purl.obolibrary.org/obo/CHEBI_26708	sodium atom	http://purl.obolibrary.org/obo/ZFA_0001094	whole organism
http://purl.obolibrary.org/obo/ZP_0102987	sodium(1+) gill decreased amount, abnormal	http://purl.obolibrary.org/obo/CHEBI_29101	sodium(1+)	http://purl.obolibrary.org/obo/ZFA_0000354	gill
http://purl.obolibrary.org/obo/ZP_0102988	sodium(1+) whole organism decreased amount, abnormal	http://purl.obolibrary.org/obo/CHEBI_29101	sodium(1+)	http://purl.obolibrary.org/obo/ZFA_0001094	whole organism
http://purl.obolibrary.org/obo/ZP_0146661	spermidine whole organism decreased amount, abnormal	http://purl.obolibrary.org/obo/CHEBI_16610	spermidine	http://purl.obolibrary.org/obo/ZFA_0001094	whole organism
http://purl.obolibrary.org/obo/ZP_0142171	sphinganine whole organism decreased amount, abnormal	http://purl.obolibrary.org/obo/CHEBI_16566	sphinganine	http://purl.obolibrary.org/obo/ZFA_0001094	whole organism
http://purl.obolibrary.org/obo/ZP_0140384	sphingolipid whole organism decreased amount, abnormal	http://purl.obolibrary.org/obo/CHEBI_26739	sphingolipid	http://purl.obolibrary.org/obo/ZFA_0001094	whole organism
http://purl.obolibrary.org/obo/ZP_0101532	sphingosine 1-phosphate whole organism decreased amount, abnormal	http://purl.obolibrary.org/obo/CHEBI_37550	sphingosine 1-phosphate	http://purl.obolibrary.org/obo/ZFA_0001094	whole organism
http://purl.obolibrary.org/obo/ZP_0101988	strontium atom retinal pigmented epithelium decreased amount, abnormal	http://purl.obolibrary.org/obo/CHEBI_33324	strontium atom	http://purl.obolibrary.org/obo/ZFA_0000144	retinal pigmented epithelium
http://purl.obolibrary.org/obo/ZP_0146196	succinate whole organism decreased amount, abnormal	http://purl.obolibrary.org/obo/CHEBI_26806	succinate	http://purl.obolibrary.org/obo/ZFA_0001094	whole organism
http://purl.obolibrary.org/obo/ZP_0146191	succinic semialdehyde whole organism decreased amount, abnormal	http://purl.obolibrary.org/obo/CHEBI_16265	succinic semialdehyde	http://purl.obolibrary.org/obo/ZFA_0001094	whole organism
http://purl.obolibrary.org/obo/ZP_0145232	sulfated glycosaminoglycan whole organism decreased amount, abnormal	http://purl.obolibrary.org/obo/CHEBI_35722	sulfated glycosaminoglycan	http://purl.obolibrary.org/obo/ZFA_0001094	whole organism
http://purl.obolibrary.org/obo/ZP_0102696	taurine whole organism decreased amount, abnormal	http://purl.obolibrary.org/obo/CHEBI_15891	taurine	http://purl.obolibrary.org/obo/ZFA_0001094	whole organism
http://purl.obolibrary.org/obo/ZP_0022839	testosterone blood decreased amount, abnormal	http://purl.obolibrary.org/obo/CHEBI_17347	testosterone	http://purl.obolibrary.org/obo/ZFA_0000007	blood
http://purl.obolibrary.org/obo/ZP_0140565	testosterone testis decreased amount, abnormal	http://purl.obolibrary.org/obo/CHEBI_17347	testosterone	http://purl.obolibrary.org/obo/ZFA_0000598	testis
http://purl.obolibrary.org/obo/ZP_0143992	testosterone whole organism decreased amount, abnormal	http://purl.obolibrary.org/obo/CHEBI_17347	testosterone	http://purl.obolibrary.org/obo/ZFA_0001094	whole organism
http://purl.obolibrary.org/obo/ZP_0148332	tetracosenoic acid whole organism decreased amount, abnormal	http://purl.obolibrary.org/obo/CHEBI_36032	tetracosenoic acid	http://purl.obolibrary.org/obo/ZFA_0001094	whole organism
http://purl.obolibrary.org/obo/ZP_0103797	tetrahydrofolate whole organism decreased amount, abnormal	http://purl.obolibrary.org/obo/CHEBI_67016	tetrahydrofolate	http://purl.obolibrary.org/obo/ZFA_0001094	whole organism
http://purl.obolibrary.org/obo/ZP_0144455	threonine whole organism decreased amount, abnormal	http://purl.obolibrary.org/obo/CHEBI_26986	threonine	http://purl.obolibrary.org/obo/ZFA_0001094	whole organism
http://purl.obolibrary.org/obo/ZP_0103398	thyroid stimulating hormone blood plasma decreased amount, abnormal	http://purl.obolibrary.org/obo/CHEBI_81567	thyroid stimulating hormone	http://purl.obolibrary.org/obo/ZFA_0005654	blood plasma
http://purl.obolibrary.org/obo/ZP_0143120	thyroxine thyroid follicle decreased amount, abnormal	http://purl.obolibrary.org/obo/CHEBI_30660	thyroxine	http://purl.obolibrary.org/obo/ZFA_0001072	thyroid follicle
http://purl.obolibrary.org/obo/ZP_0147011	thyroxine whole organism decreased amount, abnormal	http://purl.obolibrary.org/obo/CHEBI_30660	thyroxine	http://purl.obolibrary.org/obo/ZFA_0001094	whole organism
http://purl.obolibrary.org/obo/ZP_0100811	triglyceride blood decreased amount, abnormal	http://purl.obolibrary.org/obo/CHEBI_17855	triglyceride	http://purl.obolibrary.org/obo/ZFA_0000007	blood
http://purl.obolibrary.org/obo/ZP_0131010	triglyceride blood plasma decreased amount, abnormal	http://purl.obolibrary.org/obo/CHEBI_17855	triglyceride	http://purl.obolibrary.org/obo/ZFA_0005654	blood plasma
http://purl.obolibrary.org/obo/ZP_0101091	triglyceride liver decreased amount, abnormal	http://purl.obolibrary.org/obo/CHEBI_17855	triglyceride	http://purl.obolibrary.org/obo/ZFA_0000123	liver
http://purl.obolibrary.org/obo/ZP_0101092	triglyceride muscle decreased amount, abnormal	http://purl.obolibrary.org/obo/CHEBI_17855	triglyceride	http://purl.obolibrary.org/obo/ZFA_0005145	muscle
http://purl.obolibrary.org/obo/ZP_0100732	triglyceride whole organism decreased amount, abnormal	http://purl.obolibrary.org/obo/CHEBI_17855	triglyceride	http://purl.obolibrary.org/obo/ZFA_0001094	whole organism
http://purl.obolibrary.org/obo/ZP_0140555	tyrosine whole organism decreased amount, abnormal	http://purl.obolibrary.org/obo/CHEBI_18186	tyrosine	http://purl.obolibrary.org/obo/ZFA_0001094	whole organism
http://purl.obolibrary.org/obo/ZP_0102030	uric acid whole organism decreased amount, abnormal	http://purl.obolibrary.org/obo/CHEBI_27226	uric acid	http://purl.obolibrary.org/obo/ZFA_0001094	whole organism
http://purl.obolibrary.org/obo/ZP_0143009	valine brain decreased amount, abnormal	http://purl.obolibrary.org/obo/CHEBI_27266	valine	http://purl.obolibrary.org/obo/ZFA_0000008	brain
http://purl.obolibrary.org/obo/ZP_0140262	valine whole organism decreased amount, abnormal	http://purl.obolibrary.org/obo/CHEBI_27266	valine	http://purl.obolibrary.org/obo/ZFA_0001094	whole organism
http://purl.obolibrary.org/obo/ZP_0140714	vasopressin brain decreased amount, abnormal	http://purl.obolibrary.org/obo/CHEBI_9937	vasopressin	http://purl.obolibrary.org/obo/ZFA_0000008	brain
http://purl.obolibrary.org/obo/ZP_0140715	vasopressin whole organism decreased amount, abnormal	http://purl.obolibrary.org/obo/CHEBI_9937	vasopressin	http://purl.obolibrary.org/obo/ZFA_0001094	whole organism
http://purl.obolibrary.org/obo/ZP_0102878	very-low-density lipoprotein blood plasma decreased amount, abnormal	http://purl.obolibrary.org/obo/CHEBI_39027	very-low-density lipoprotein	http://purl.obolibrary.org/obo/ZFA_0005654	blood plasma
http://purl.obolibrary.org/obo/ZP_0145844	very-low-density lipoprotein liver decreased amount, abnormal	http://purl.obolibrary.org/obo/CHEBI_39027	very-low-density lipoprotein	http://purl.obolibrary.org/obo/ZFA_0000123	liver
http://purl.obolibrary.org/obo/ZP_0138129	very-low-density lipoprotein whole organism decreased amount, abnormal	http://purl.obolibrary.org/obo/CHEBI_39027	very-low-density lipoprotein	http://purl.obolibrary.org/obo/ZFA_0001094	whole organism
http://purl.obolibrary.org/obo/ZP_0144829	vitamin K blood plasma decreased amount, abnormal	http://purl.obolibrary.org/obo/CHEBI_28384	vitamin K	http://purl.obolibrary.org/obo/ZFA_0005654	blood plasma
http://purl.obolibrary.org/obo/ZP_0144824	vitamin K eye decreased amount, abnormal	http://purl.obolibrary.org/obo/CHEBI_28384	vitamin K	http://purl.obolibrary.org/obo/ZFA_0000107	eye
http://purl.obolibrary.org/obo/ZP_0144825	vitamin K heart decreased amount, abnormal	http://purl.obolibrary.org/obo/CHEBI_28384	vitamin K	http://purl.obolibrary.org/obo/ZFA_0000114	heart
http://purl.obolibrary.org/obo/ZP_0144828	vitamin K skeletal muscle decreased amount, abnormal	http://purl.obolibrary.org/obo/CHEBI_28384	vitamin K	http://purl.obolibrary.org/obo/ZFA_0005277	skeletal muscle
http://purl.obolibrary.org/obo/ZP_0137559	water whole organism decreased amount, abnormal	http://purl.obolibrary.org/obo/CHEBI_15377	water	http://purl.obolibrary.org/obo/ZFA_0001094	whole organism
http://purl.obolibrary.org/obo/ZP_0101985	zinc atom retinal pigmented epithelium decreased amount, abnormal	http://purl.obolibrary.org/obo/CHEBI_27363	zinc atom	http://purl.obolibrary.org/obo/ZFA_0000144	retinal pigmented epithelium
http://purl.obolibrary.org/obo/ZP_0140025	zinc(2+) blastoderm decreased amount, abnormal	http://purl.obolibrary.org/obo/CHEBI_29105	zinc(2+)	http://purl.obolibrary.org/obo/ZFA_0001176	blastoderm
http://purl.obolibrary.org/obo/ZP_0140024	zinc(2+) margin decreased amount, abnormal	http://purl.obolibrary.org/obo/CHEBI_29105	zinc(2+)	http://purl.obolibrary.org/obo/ZFA_0000038	margin
